Longitude (x),Latitude (y),Station Name,Climate ID,Date/Time (LST),Year,Month,Day,Time (LST),Temp (°C),Temp Flag,Dew Point Temp (°C),Dew Point Temp Flag,Rel Hum (%),Rel Hum Flag,Precip. Amount (mm),Precip. Amount Flag,Wind Dir (10s deg),Wind Dir Flag,Wind Spd (km/h),Wind Spd Flag,Visibility (km),Visibility Flag,Stn Press (kPa),Stn Press Flag,Hmdx,Hmdx Flag,Wind Chill,Wind Chill Flag,Weather
-113.58,53.31,EDMONTON INTL A,3012216,2022-07-01 00:00,2022,7,1,00:00,11.7,,10.7,,94,,,,17.0,,10,,32.2,,93.23,,,,,,
-113.58,53.31,EDMONTON INTL A,3012216,2022-07-01 01:00,2022,7,1,01:00,10.2,,9.5,,95,,,,18.0,,9,,32.2,,93.19,,,,,,
-113.58,53.31,EDMONTON INTL A,3012216,2022-07-01 02:00,2022,7,1,02:00,10.1,,9.4,,95,,,,18.0,,11,,32.2,,93.15,,,,,,Clear
-113.58,53.31,EDMONTON INTL A,3012216,2022-07-01 03:00,2022,7,1,03:00,10.6,,9.3,,92,,,,18.0,,14,,32.2,,93.12,,,,,,
-113.58,53.31,EDMONTON INTL A,3012216,2022-07-01 04:00,2022,7,1,04:00,9.9,,9.0,,94,,,,19.0,,7,,32.2,,93.11,,,,,,
-113.58,53.31,EDMONTON INTL A,3012216,2022-07-01 05:00,2022,7,1,05:00,9.6,,9.1,,97,,,,18.0,,7,,32.2,,93.07,,,,,,Mainly Clear
-113.58,53.31,EDMONTON INTL A,3012216,2022-07-01 06:00,2022,7,1,06:00,10.9,,10.1,,95,,,,36.0,,2,,32.2,,93.06,,,,,,
-113.58,53.31,EDMONTON INTL A,3012216,2022-07-01 07:00,2022,7,1,07:00,13.8,,12.0,,89,,,,32.0,,5,,24.1,,93.1,,,,,,
-113.58,53.31,EDMONTON INTL A,3012216,2022-07-01 08:00,2022,7,1,08:00,16.5,,12.1,,75,,,,25.0,,9,,24.1,,93.06,,,,,,Clear
-113.58,53.31,EDMONTON INTL A,3012216,2022-07-01 09:00,2022,7,1,09:00,18.4,,12.6,,69,,,,22.0,,4,,24.1,,93.03,,,,,,
-113.58,53.31,EDMONTON INTL A,3012216,2022-07-01 10:00,2022,7,1,10:00,19.4,,13.7,,69,,,,31.0,,18,,24.1,,93.09,,,,,,
-113.58,53.31,EDMONTON INTL A,3012216,2022-07-01 11:00,2022,7,1,11:00,20.1,,14.2,,69,,,,36.0,,26,,24.1,,93.14,,,,,,Mostly Cloudy
-113.58,53.31,EDMONTON INTL A,3012216,2022-07-01 12:00,2022,7,1,12:00,19.8,,14.1,,69,,,,2.0,,22,,24.1,,93.18,,,,,,
-113.58,53.31,EDMONTON INTL A,3012216,2022-07-01 13:00,2022,7,1,13:00,20.5,,13.2,,62,,,,1.0,,21,,24.1,,93.18,,,,,,
-113.58,53.31,EDMONTON INTL A,3012216,2022-07-01 14:00,2022,7,1,14:00,19.9,,14.0,,69,,,,34.0,,23,,24.1,,93.19,,,,,,Mostly Cloudy
-113.58,53.31,EDMONTON INTL A,3012216,2022-07-01 15:00,2022,7,1,15:00,19.6,,13.8,,69,,,,2.0,,18,,24.1,,93.23,,,,,,
-113.58,53.31,EDMONTON INTL A,3012216,2022-07-01 16:00,2022,7,1,16:00,18.8,,12.9,,68,,,,3.0,,23,,24.1,,93.27,,,,,,
-113.58,53.31,EDMONTON INTL A,3012216,2022-07-01 17:00,2022,7,1,17:00,17.6,,12.2,,70,,,,4.0,,28,,24.1,,93.29,,,,,,Mostly Cloudy
-113.58,53.31,EDMONTON INTL A,3012216,2022-07-01 18:00,2022,7,1,18:00,17.4,,12.3,,72,,,,4.0,,18,,24.1,,93.29,,,,,,
-113.58,53.31,EDMONTON INTL A,3012216,2022-07-01 19:00,2022,7,1,19:00,15.3,,12.1,,81,,,,2.0,,16,,24.1,,93.36,,,,,,
-113.58,53.31,EDMONTON INTL A,3012216,2022-07-01 20:00,2022,7,1,20:00,14.6,,11.6,,82,,,,1.0,,15,,24.1,,93.43,,,,,,Cloudy
-113.58,53.31,EDMONTON INTL A,3012216,2022-07-01 21:00,2022,7,1,21:00,13.2,,11.3,,88,,,,3.0,,15,,24.1,,93.46,,,,,,Rain Showers
-113.58,53.31,EDMONTON INTL A,3012216,2022-07-01 22:00,2022,7,1,22:00,13.2,,10.9,,86,,,,6.0,,17,,32.2,,93.48,,,,,,
-113.58,53.31,EDMONTON INTL A,3012216,2022-07-01 23:00,2022,7,1,23:00,12.9,,10.8,,87,,,,6.0,,14,,32.2,,93.49,,,,,,Cloudy
-113.58,53.31,EDMONTON INTL A,3012216,2022-07-02 00:00,2022,7,2,00:00,12.3,,10.9,,91,,,,6.0,,12,,24.1,,93.49,,,,,,Rain Showers
-113.58,53.31,EDMONTON INTL A,3012216,2022-07-02 01:00,2022,7,2,01:00,12.1,,11.0,,93,,,,7.0,,9,,24.1,,93.5,,,,,,Rain
-113.58,53.31,EDMONTON INTL A,3012216,2022-07-02 02:00,2022,7,2,02:00,11.8,,11.0,,95,,,,6.0,,10,,24.1,,93.5,,,,,,Rain
-113.58,53.31,EDMONTON INTL A,3012216,2022-07-02 03:00,2022,7,2,03:00,11.5,,11.2,,98,,,,2.0,,10,,16.1,,93.5,,,,,,Rain
-113.58,53.31,EDMONTON INTL A,3012216,2022-07-02 04:00,2022,7,2,04:00,11.6,,11.3,,98,,,,2.0,,9,,16.1,,93.5,,,,,,Rain
-113.58,53.31,EDMONTON INTL A,3012216,2022-07-02 05:00,2022,7,2,05:00,11.0,,10.5,,97,,,,12.0,,12,,9.7,,93.5,,,,,,"Rain,Fog"
-113.58,53.31,EDMONTON INTL A,3012216,2022-07-02 06:00,2022,7,2,06:00,11.3,,10.6,,96,,,,11.0,,10,,24.1,,93.48,,,,,,Rain
-113.58,53.31,EDMONTON INTL A,3012216,2022-07-02 07:00,2022,7,2,07:00,11.4,,10.4,,94,,,,10.0,,10,,16.1,,93.5,,,,,,Rain
-113.58,53.31,EDMONTON INTL A,3012216,2022-07-02 08:00,2022,7,2,08:00,11.0,,10.1,,94,,,,10.0,,11,,16.1,,93.51,,,,,,Rain
-113.58,53.31,EDMONTON INTL A,3012216,2022-07-02 09:00,2022,7,2,09:00,10.9,,10.1,,94,,,,13.0,,10,,16.1,,93.48,,,,,,Rain
-113.58,53.31,EDMONTON INTL A,3012216,2022-07-02 10:00,2022,7,2,10:00,10.9,,10.0,,95,,,,14.0,,9,,16.1,,93.48,,,,,,Rain
-113.58,53.31,EDMONTON INTL A,3012216,2022-07-02 11:00,2022,7,2,11:00,11.5,,10.4,,93,,,,3.0,,5,,16.1,,93.5,,,,,,Rain
-113.58,53.31,EDMONTON INTL A,3012216,2022-07-02 12:00,2022,7,2,12:00,11.1,,10.5,,96,,,,36.0,,3,,4.0,,93.51,,,,,,"Moderate Rain,Fog"
-113.58,53.31,EDMONTON INTL A,3012216,2022-07-02 13:00,2022,7,2,13:00,11.1,,10.6,,97,,,,29.0,,8,,8.1,,93.53,,,,,,"Rain,Fog"
-113.58,53.31,EDMONTON INTL A,3012216,2022-07-02 14:00,2022,7,2,14:00,12.3,,10.8,,90,,,,34.0,,11,,32.2,,93.51,,,,,,Cloudy
-113.58,53.31,EDMONTON INTL A,3012216,2022-07-02 15:00,2022,7,2,15:00,14.4,,11.0,,80,,,,33.0,,13,,32.2,,93.49,,,,,,
-113.58,53.31,EDMONTON INTL A,3012216,2022-07-02 16:00,2022,7,2,16:00,14.5,,11.4,,81,,,,2.0,,11,,32.2,,93.47,,,,,,
-113.58,53.31,EDMONTON INTL A,3012216,2022-07-02 17:00,2022,7,2,17:00,14.0,,10.8,,81,,,,34.0,,10,,32.2,,93.46,,,,,,Mostly Cloudy
-113.58,53.31,EDMONTON INTL A,3012216,2022-07-02 18:00,2022,7,2,18:00,13.8,,11.1,,83,,,,36.0,,13,,32.2,,93.44,,,,,,
-113.58,53.31,EDMONTON INTL A,3012216,2022-07-02 19:00,2022,7,2,19:00,13.5,,10.9,,84,,,,3.0,,12,,32.2,,93.44,,,,,,
-113.58,53.31,EDMONTON INTL A,3012216,2022-07-02 20:00,2022,7,2,20:00,12.4,,10.3,,87,,,,34.0,,7,,32.2,,93.43,,,,,,Mostly Cloudy
-113.58,53.31,EDMONTON INTL A,3012216,2022-07-02 21:00,2022,7,2,21:00,12.0,,10.7,,91,,,,36.0,,1,,32.2,,93.43,,,,,,
-113.58,53.31,EDMONTON INTL A,3012216,2022-07-02 22:00,2022,7,2,22:00,8.8,,8.4,,97,,,,32.0,,7,,32.2,,93.45,,,,,,
-113.58,53.31,EDMONTON INTL A,3012216,2022-07-02 23:00,2022,7,2,23:00,8.1,,7.8,,98,,,,,,0,,32.2,,93.45,,,,,,Clear
-113.58,53.31,EDMONTON INTL A,3012216,2022-07-03 00:00,2022,7,3,00:00,6.5,,6.5,,100,,,,27.0,,4,,3.2,,93.48,,,,,,Fog
-113.58,53.31,EDMONTON INTL A,3012216,2022-07-03 01:00,2022,7,3,01:00,4.9,,4.9,,100,,,,20.0,,4,,0.8,,93.48,,,,,,Fog
-113.58,53.31,EDMONTON INTL A,3012216,2022-07-03 02:00,2022,7,3,02:00,4.2,,4.2,,100,,,,22.0,,6,,0.2,,93.46,,,,,,Fog
-113.58,53.31,EDMONTON INTL A,3012216,2022-07-03 03:00,2022,7,3,03:00,4.7,,4.7,,100,,,,18.0,,3,,0.2,,93.46,,,,,,Fog
-113.58,53.31,EDMONTON INTL A,3012216,2022-07-03 04:00,2022,7,3,04:00,4.5,,4.5,,100,,,,36.0,,1,,0.2,,93.44,,,,,,Fog
-113.58,53.31,EDMONTON INTL A,3012216,2022-07-03 05:00,2022,7,3,05:00,3.8,,3.8,,100,,,,,,0,,0.2,,93.4,,,,,,Fog
-113.58,53.31,EDMONTON INTL A,3012216,2022-07-03 06:00,2022,7,3,06:00,5.8,,5.8,,100,,,,36.0,,1,,0.2,,93.39,,,,,,Fog
-113.58,53.31,EDMONTON INTL A,3012216,2022-07-03 07:00,2022,7,3,07:00,8.2,,8.2,,100,,,,19.0,,6,,0.4,,93.45,,,,,,Fog
-113.58,53.31,EDMONTON INTL A,3012216,2022-07-03 08:00,2022,7,3,08:00,10.7,,10.7,,100,,,,31.0,,3,,16.1,,93.47,,,,,,Mainly Clear
-113.58,53.31,EDMONTON INTL A,3012216,2022-07-03 09:00,2022,7,3,09:00,13.4,,9.6,,78,,,,36.0,,2,,32.2,,93.43,,,,,,
-113.58,53.31,EDMONTON INTL A,3012216,2022-07-03 10:00,2022,7,3,10:00,15.2,,7.8,,61,,,,14.0,,5,,32.2,,93.42,,,,,,
-113.58,53.31,EDMONTON INTL A,3012216,2022-07-03 11:00,2022,7,3,11:00,15.8,,8.3,,61,,,,20.0,,6,,32.2,,93.41,,,,,,Mostly Cloudy
-113.58,53.31,EDMONTON INTL A,3012216,2022-07-03 12:00,2022,7,3,12:00,16.5,,9.3,,62,,,,31.0,,7,,32.2,,93.35,,,,,,
-113.58,53.31,EDMONTON INTL A,3012216,2022-07-03 13:00,2022,7,3,13:00,17.8,,10.4,,62,,,,36.0,,13,,32.2,,93.32,,,,,,
-113.58,53.31,EDMONTON INTL A,3012216,2022-07-03 14:00,2022,7,3,14:00,19.4,,10.1,,55,,,,6.0,,11,,32.2,,93.31,,,,,,Mostly Cloudy
-113.58,53.31,EDMONTON INTL A,3012216,2022-07-03 15:00,2022,7,3,15:00,19.7,,10.6,,55,,,,14.0,,9,,32.2,,93.29,,,,,,
-113.58,53.31,EDMONTON INTL A,3012216,2022-07-03 16:00,2022,7,3,16:00,19.4,,10.3,,55,,,,8.0,,9,,32.2,,93.27,,,,,,
-113.58,53.31,EDMONTON INTL A,3012216,2022-07-03 17:00,2022,7,3,17:00,19.7,,9.2,,50,,,,9.0,,10,,32.2,,93.23,,,,,,Mostly Cloudy
-113.58,53.31,EDMONTON INTL A,3012216,2022-07-03 18:00,2022,7,3,18:00,18.6,,10.0,,57,,,,14.0,,13,,32.2,,93.21,,,,,,
-113.58,53.31,EDMONTON INTL A,3012216,2022-07-03 19:00,2022,7,3,19:00,16.8,,11.1,,69,,,,16.0,,6,,32.2,,93.21,,,,,,
-113.58,53.31,EDMONTON INTL A,3012216,2022-07-03 20:00,2022,7,3,20:00,15.7,,11.8,,78,,,,20.0,,5,,32.2,,93.25,,,,,,Mostly Cloudy
-113.58,53.31,EDMONTON INTL A,3012216,2022-07-03 21:00,2022,7,3,21:00,14.1,,12.1,,88,,,,20.0,,5,,32.2,,93.26,,,,,,
-113.58,53.31,EDMONTON INTL A,3012216,2022-07-03 22:00,2022,7,3,22:00,11.3,,10.5,,95,,,,23.0,,3,,32.2,,93.26,,,,,,
-113.58,53.31,EDMONTON INTL A,3012216,2022-07-03 23:00,2022,7,3,23:00,11.1,,10.8,,98,,,,36.0,,2,,32.2,,93.25,,,,,,Mostly Cloudy
-113.58,53.31,EDMONTON INTL A,3012216,2022-07-04 00:00,2022,7,4,00:00,9.6,,9.3,,99,,,,1.0,,5,,32.2,,93.24,,,,,,
-113.58,53.31,EDMONTON INTL A,3012216,2022-07-04 01:00,2022,7,4,01:00,7.9,,7.8,,99,,,,36.0,,2,,4.0,,93.22,,,,,,Fog
-113.58,53.31,EDMONTON INTL A,3012216,2022-07-04 02:00,2022,7,4,02:00,7.2,,7.2,,100,,,,21.0,,5,,4.0,,93.21,,,,,,Fog
-113.58,53.31,EDMONTON INTL A,3012216,2022-07-04 03:00,2022,7,4,03:00,6.9,,6.9,,100,,,,20.0,,4,,3.2,,93.2,,,,,,Fog
-113.58,53.31,EDMONTON INTL A,3012216,2022-07-04 04:00,2022,7,4,04:00,7.6,,7.6,,100,,,,19.0,,5,,0.8,,93.21,,,,,,Fog
-113.58,53.31,EDMONTON INTL A,3012216,2022-07-04 05:00,2022,7,4,05:00,7.5,,7.5,,100,,,,36.0,,1,,0.2,,93.21,,,,,,Fog
-113.58,53.31,EDMONTON INTL A,3012216,2022-07-04 06:00,2022,7,4,06:00,10.6,,10.6,,100,,,,36.0,,1,,16.1,,93.21,,,,,,
-113.58,53.31,EDMONTON INTL A,3012216,2022-07-04 07:00,2022,7,4,07:00,12.2,,12.2,,100,,,,22.0,,3,,32.2,,93.22,,,,,,
-113.58,53.31,EDMONTON INTL A,3012216,2022-07-04 08:00,2022,7,4,08:00,14.8,,12.4,,86,,,,15.0,,5,,32.2,,93.22,,,,,,Cloudy
-113.58,53.31,EDMONTON INTL A,3012216,2022-07-04 09:00,2022,7,4,09:00,17.1,,12.1,,72,,,,14.0,,12,,32.2,,93.22,,,,,,
-113.58,53.31,EDMONTON INTL A,3012216,2022-07-04 10:00,2022,7,4,10:00,19.0,,11.7,,62,,,,15.0,,18,,32.2,,93.23,,,,,,
-113.58,53.31,EDMONTON INTL A,3012216,2022-07-04 11:00,2022,7,4,11:00,18.4,,11.9,,66,,,,13.0,,13,,32.2,,93.23,,,,,,Cloudy
-113.58,53.31,EDMONTON INTL A,3012216,2022-07-04 12:00,2022,7,4,12:00,18.6,,11.7,,64,,,,12.0,,13,,32.2,,93.21,,,,,,
-113.58,53.31,EDMONTON INTL A,3012216,2022-07-04 13:00,2022,7,4,13:00,20.6,,12.8,,61,,,,13.0,,16,,32.2,,93.2,,,,,,
-113.58,53.31,EDMONTON INTL A,3012216,2022-07-04 14:00,2022,7,4,14:00,18.8,,12.7,,67,,,,15.0,,11,,32.2,,93.2,,,,,,Mostly Cloudy
-113.58,53.31,EDMONTON INTL A,3012216,2022-07-04 15:00,2022,7,4,15:00,18.9,,11.5,,62,,,,15.0,,14,,32.2,,93.19,,,,,,
-113.58,53.31,EDMONTON INTL A,3012216,2022-07-04 16:00,2022,7,4,16:00,18.4,,13.3,,72,,,,28.0,,17,,32.2,,93.19,,,,,,
-113.58,53.31,EDMONTON INTL A,3012216,2022-07-04 17:00,2022,7,4,17:00,18.9,,13.9,,73,,,,26.0,,14,,32.2,,93.17,,,,,,Cloudy
-113.58,53.31,EDMONTON INTL A,3012216,2022-07-04 18:00,2022,7,4,18:00,14.2,,11.0,,81,,,,23.0,,10,,32.2,,93.16,,,,,,Rain Showers
-113.58,53.31,EDMONTON INTL A,3012216,2022-07-04 19:00,2022,7,4,19:00,14.8,,13.3,,91,,,,2.0,,5,,32.2,,93.19,,,,,,
-113.58,53.31,EDMONTON INTL A,3012216,2022-07-04 20:00,2022,7,4,20:00,14.3,,12.9,,91,,,,36.0,,6,,32.2,,93.21,,,,,,Cloudy
-113.58,53.31,EDMONTON INTL A,3012216,2022-07-04 21:00,2022,7,4,21:00,13.4,,12.4,,94,,,,36.0,,8,,32.2,,93.23,,,,,,
-113.58,53.31,EDMONTON INTL A,3012216,2022-07-04 22:00,2022,7,4,22:00,13.1,,12.4,,95,,,,3.0,,11,,32.2,,93.24,,,,,,
-113.58,53.31,EDMONTON INTL A,3012216,2022-07-04 23:00,2022,7,4,23:00,13.9,,12.8,,93,,,,6.0,,13,,32.2,,93.2,,,,,,Cloudy
-113.58,53.31,EDMONTON INTL A,3012216,2022-07-05 00:00,2022,7,5,00:00,14.5,,12.9,,90,,,,10.0,,15,,32.2,,93.18,,,,,,
-113.58,53.31,EDMONTON INTL A,3012216,2022-07-05 01:00,2022,7,5,01:00,14.1,,13.3,,95,,,,7.0,,16,,19.3,,93.14,,,,,,Rain
-113.58,53.31,EDMONTON INTL A,3012216,2022-07-05 02:00,2022,7,5,02:00,13.6,,11.3,,85,,,,13.0,,26,,12.9,,93.16,,,,,,Moderate Rain
-113.58,53.31,EDMONTON INTL A,3012216,2022-07-05 03:00,2022,7,5,03:00,12.9,,10.8,,87,,,,8.0,,22,,19.3,,93.1,,,,,,Rain
-113.58,53.31,EDMONTON INTL A,3012216,2022-07-05 04:00,2022,7,5,04:00,12.7,,10.9,,89,,,,10.0,,14,,16.1,,93.1,,,,,,Rain
-113.58,53.31,EDMONTON INTL A,3012216,2022-07-05 05:00,2022,7,5,05:00,12.6,,11.6,,94,,,,7.0,,16,,19.3,,93.05,,,,,,Rain
-113.58,53.31,EDMONTON INTL A,3012216,2022-07-05 06:00,2022,7,5,06:00,12.8,,12.1,,96,,,,6.0,,14,,19.3,,93.02,,,,,,Rain
-113.58,53.31,EDMONTON INTL A,3012216,2022-07-05 07:00,2022,7,5,07:00,13.4,,12.8,,96,,,,9.0,,19,,9.7,,93.01,,,,,,"Moderate Rain,Fog"
-113.58,53.31,EDMONTON INTL A,3012216,2022-07-05 08:00,2022,7,5,08:00,13.3,,12.3,,93,,,,10.0,,21,,12.9,,93.02,,,,,,Rain
-113.58,53.31,EDMONTON INTL A,3012216,2022-07-05 09:00,2022,7,5,09:00,13.0,,12.5,,97,,,,8.0,,22,,16.1,,92.99,,,,,,Rain
-113.58,53.31,EDMONTON INTL A,3012216,2022-07-05 10:00,2022,7,5,10:00,13.3,,12.8,,97,,,,8.0,,22,,24.1,,92.98,,,,,,Rain
-113.58,53.31,EDMONTON INTL A,3012216,2022-07-05 11:00,2022,7,5,11:00,13.4,,12.6,,94,,,,10.0,,29,,19.3,,92.97,,,,,,Rain
-113.58,53.31,EDMONTON INTL A,3012216,2022-07-05 12:00,2022,7,5,12:00,13.2,,12.4,,95,,,,9.0,,30,,4.8,,92.97,,,,,,"Moderate Rain,Fog"
-113.58,53.31,EDMONTON INTL A,3012216,2022-07-05 13:00,2022,7,5,13:00,13.4,,12.1,,92,,,,8.0,,27,,24.1,,92.94,,,,,,Rain
-113.58,53.31,EDMONTON INTL A,3012216,2022-07-05 14:00,2022,7,5,14:00,13.8,,12.0,,89,,,,8.0,,26,,32.2,,92.96,,,,,,Cloudy
-113.58,53.31,EDMONTON INTL A,3012216,2022-07-05 15:00,2022,7,5,15:00,14.8,,12.9,,88,,,,6.0,,22,,32.2,,92.94,,,,,,
-113.58,53.31,EDMONTON INTL A,3012216,2022-07-05 16:00,2022,7,5,16:00,15.3,,13.2,,87,,,,5.0,,20,,32.2,,92.95,,,,,,
-113.58,53.31,EDMONTON INTL A,3012216,2022-07-05 17:00,2022,7,5,17:00,15.3,,13.6,,90,,,,3.0,,21,,32.2,,92.94,,,,,,Mostly Cloudy
-113.58,53.31,EDMONTON INTL A,3012216,2022-07-05 18:00,2022,7,5,18:00,15.5,,13.9,,90,,,,6.0,,21,,32.2,,92.95,,,,,,Thunderstorms
-113.58,53.31,EDMONTON INTL A,3012216,2022-07-05 19:00,2022,7,5,19:00,15.2,,13.9,,92,,,,6.0,,14,,32.2,,92.98,,,,,,"Thunderstorms,Rain Showers"
-113.58,53.31,EDMONTON INTL A,3012216,2022-07-05 20:00,2022,7,5,20:00,14.0,,12.4,,90,,,,26.0,,7,,32.2,,93.03,,,,,,Mostly Cloudy
-113.58,53.31,EDMONTON INTL A,3012216,2022-07-05 21:00,2022,7,5,21:00,12.8,,12.1,,95,,,,32.0,,10,,22.5,,93.1,,,,,,Rain
-113.58,53.31,EDMONTON INTL A,3012216,2022-07-05 22:00,2022,7,5,22:00,12.2,,12.0,,98,,,,33.0,,5,,24.1,,93.14,,,,,,Rain
-113.58,53.31,EDMONTON INTL A,3012216,2022-07-05 23:00,2022,7,5,23:00,12.2,,12.2,,99,,,,29.0,,7,,16.1,,93.16,,,,,,Heavy Rain
-113.58,53.31,EDMONTON INTL A,3012216,2022-07-06 00:00,2022,7,6,00:00,12.0,,12.0,,100,,,,27.0,,13,,24.1,,93.22,,,,,,Rain
-113.58,53.31,EDMONTON INTL A,3012216,2022-07-06 01:00,2022,7,6,01:00,11.8,,11.8,,100,,,,28.0,,13,,32.2,,93.22,,,,,,
-113.58,53.31,EDMONTON INTL A,3012216,2022-07-06 02:00,2022,7,6,02:00,11.7,,11.7,,100,,,,30.0,,10,,16.1,,93.25,,,,,,Cloudy
-113.58,53.31,EDMONTON INTL A,3012216,2022-07-06 03:00,2022,7,6,03:00,11.7,,11.7,,100,,,,36.0,,3,,16.1,,93.27,,,,,,Drizzle
-113.58,53.31,EDMONTON INTL A,3012216,2022-07-06 04:00,2022,7,6,04:00,11.7,,11.7,,100,,,,29.0,,4,,9.7,,93.27,,,,,,"Drizzle,Fog"
-113.58,53.31,EDMONTON INTL A,3012216,2022-07-06 05:00,2022,7,6,05:00,11.7,,11.7,,100,,,,27.0,,7,,11.3,,93.32,,,,,,"Drizzle,Fog"
-113.58,53.31,EDMONTON INTL A,3012216,2022-07-06 06:00,2022,7,6,06:00,11.9,,11.8,,100,,,,24.0,,6,,24.1,,93.36,,,,,,
-113.58,53.31,EDMONTON INTL A,3012216,2022-07-06 07:00,2022,7,6,07:00,11.8,,11.8,,100,,,,26.0,,9,,2.4,,93.4,,,,,,Fog
-113.58,53.31,EDMONTON INTL A,3012216,2022-07-06 08:00,2022,7,6,08:00,12.1,,12.1,,100,,,,25.0,,7,,4.0,,93.43,,,,,,Fog
-113.58,53.31,EDMONTON INTL A,3012216,2022-07-06 09:00,2022,7,6,09:00,13.1,,12.5,,96,,,,24.0,,7,,24.1,,93.46,,,,,,
-113.58,53.31,EDMONTON INTL A,3012216,2022-07-06 10:00,2022,7,6,10:00,13.9,,12.3,,90,,,,24.0,,6,,32.2,,93.48,,,,,,
-113.58,53.31,EDMONTON INTL A,3012216,2022-07-06 11:00,2022,7,6,11:00,15.0,,12.4,,84,,,,,,0,,32.2,,93.46,,,,,,Mostly Cloudy
-113.58,53.31,EDMONTON INTL A,3012216,2022-07-06 12:00,2022,7,6,12:00,16.7,,13.3,,80,,,,10.0,,15,,32.2,,93.44,,,,,,
-113.58,53.31,EDMONTON INTL A,3012216,2022-07-06 13:00,2022,7,6,13:00,17.3,,13.1,,76,,,,13.0,,10,,32.2,,93.42,,,,,,
-113.58,53.31,EDMONTON INTL A,3012216,2022-07-06 14:00,2022,7,6,14:00,19.1,,13.4,,69,,,,14.0,,16,,32.2,,93.39,,,,,,Mostly Cloudy
-113.58,53.31,EDMONTON INTL A,3012216,2022-07-06 15:00,2022,7,6,15:00,18.4,,13.2,,71,,,,12.0,,14,,32.2,,93.39,,,,,,
-113.58,53.31,EDMONTON INTL A,3012216,2022-07-06 16:00,2022,7,6,16:00,18.3,,12.7,,70,,,,13.0,,16,,32.2,,93.36,,,,,,
-113.58,53.31,EDMONTON INTL A,3012216,2022-07-06 17:00,2022,7,6,17:00,19.0,,13.3,,69,,,,13.0,,15,,32.2,,93.33,,,,,,Mostly Cloudy
-113.58,53.31,EDMONTON INTL A,3012216,2022-07-06 18:00,2022,7,6,18:00,17.6,,12.4,,71,,,,14.0,,15,,32.2,,93.31,,,,,,
-113.58,53.31,EDMONTON INTL A,3012216,2022-07-06 19:00,2022,7,6,19:00,18.2,,12.2,,68,,,,14.0,,18,,32.2,,93.3,,,,,,
-113.58,53.31,EDMONTON INTL A,3012216,2022-07-06 20:00,2022,7,6,20:00,17.1,,12.9,,76,,,,13.0,,17,,32.2,,93.29,,,,,,Mainly Clear
-113.58,53.31,EDMONTON INTL A,3012216,2022-07-06 21:00,2022,7,6,21:00,13.9,,12.7,,92,,,,13.0,,14,,32.2,,93.29,,,,,,
-113.58,53.31,EDMONTON INTL A,3012216,2022-07-06 22:00,2022,7,6,22:00,12.5,,11.6,,94,,,,12.0,,13,,32.2,,93.3,,,,,,
-113.58,53.31,EDMONTON INTL A,3012216,2022-07-06 23:00,2022,7,6,23:00,13.9,,12.8,,93,,,,13.0,,16,,32.2,,93.31,,,,,,Mostly Cloudy
-113.58,53.31,EDMONTON INTL A,3012216,2022-07-07 00:00,2022,7,7,00:00,13.7,,12.7,,93,,,,12.0,,13,,32.2,,93.28,,,,,,
-113.58,53.31,EDMONTON INTL A,3012216,2022-07-07 01:00,2022,7,7,01:00,13.2,,12.7,,96,,,,13.0,,14,,32.2,,93.27,,,,,,
-113.58,53.31,EDMONTON INTL A,3012216,2022-07-07 02:00,2022,7,7,02:00,14.3,,12.9,,91,,,,13.0,,16,,32.2,,93.25,,,,,,Mostly Cloudy
-113.58,53.31,EDMONTON INTL A,3012216,2022-07-07 03:00,2022,7,7,03:00,14.3,,13.2,,92,,,,13.0,,15,,32.2,,93.24,,,,,,
-113.58,53.31,EDMONTON INTL A,3012216,2022-07-07 04:00,2022,7,7,04:00,14.4,,13.2,,92,,,,12.0,,16,,32.2,,93.19,,,,,,
-113.58,53.31,EDMONTON INTL A,3012216,2022-07-07 05:00,2022,7,7,05:00,13.9,,12.9,,94,,,,12.0,,20,,32.2,,93.15,,,,,,Mostly Cloudy
-113.58,53.31,EDMONTON INTL A,3012216,2022-07-07 06:00,2022,7,7,06:00,14.8,,13.4,,92,,,,12.0,,22,,32.2,,93.13,,,,,,
-113.58,53.31,EDMONTON INTL A,3012216,2022-07-07 07:00,2022,7,7,07:00,15.7,,14.0,,89,,,,13.0,,23,,32.2,,93.13,,,,,,
-113.58,53.31,EDMONTON INTL A,3012216,2022-07-07 08:00,2022,7,7,08:00,16.3,,14.5,,89,,,,13.0,,23,,32.2,,93.11,,,,,,Mostly Cloudy
-113.58,53.31,EDMONTON INTL A,3012216,2022-07-07 09:00,2022,7,7,09:00,18.1,,15.0,,82,,,,13.0,,23,,32.2,,93.11,,,,,,
-113.58,53.31,EDMONTON INTL A,3012216,2022-07-07 10:00,2022,7,7,10:00,18.4,,15.6,,84,,,,14.0,,20,,32.2,,93.11,,,,,,
-113.58,53.31,EDMONTON INTL A,3012216,2022-07-07 11:00,2022,7,7,11:00,18.6,,15.9,,84,,,,12.0,,26,,32.2,,93.13,,,,,,Cloudy
-113.58,53.31,EDMONTON INTL A,3012216,2022-07-07 12:00,2022,7,7,12:00,20.4,,16.3,,77,,,,14.0,,26,,32.2,,93.1,,25.0,,,,
-113.58,53.31,EDMONTON INTL A,3012216,2022-07-07 13:00,2022,7,7,13:00,21.1,,16.8,,76,,,,13.0,,30,,32.2,,93.06,,26.0,,,,
-113.58,53.31,EDMONTON INTL A,3012216,2022-07-07 14:00,2022,7,7,14:00,20.8,,17.4,,80,,,,13.0,,27,,32.2,,92.99,,26.0,,,,Cloudy
-113.58,53.31,EDMONTON INTL A,3012216,2022-07-07 15:00,2022,7,7,15:00,21.7,,17.2,,75,,,,13.0,,31,,32.2,,92.97,,27.0,,,,
-113.58,53.31,EDMONTON INTL A,3012216,2022-07-07 16:00,2022,7,7,16:00,19.9,,17.3,,85,,,,13.0,,21,,24.1,,92.96,,,,,,"Thunderstorms,Rain Showers"
-113.58,53.31,EDMONTON INTL A,3012216,2022-07-07 17:00,2022,7,7,17:00,20.6,,17.8,,83,,,,12.0,,25,,24.1,,92.9,,26.0,,,,Rain Showers
-113.58,53.31,EDMONTON INTL A,3012216,2022-07-07 18:00,2022,7,7,18:00,21.4,,17.5,,78,,,,12.0,,32,,32.2,,92.84,,27.0,,,,
-113.58,53.31,EDMONTON INTL A,3012216,2022-07-07 19:00,2022,7,7,19:00,19.9,,16.4,,80,,,,11.0,,24,,32.2,,92.79,,,,,,
-113.58,53.31,EDMONTON INTL A,3012216,2022-07-07 20:00,2022,7,7,20:00,19.2,,15.0,,76,,,,6.0,,12,,32.2,,92.92,,,,,,Thunderstorms
-113.58,53.31,EDMONTON INTL A,3012216,2022-07-07 21:00,2022,7,7,21:00,15.6,,13.5,,87,,,,2.0,,8,,32.2,,92.89,,,,,,
-113.58,53.31,EDMONTON INTL A,3012216,2022-07-07 22:00,2022,7,7,22:00,17.1,,14.6,,85,,,,10.0,,16,,32.2,,92.89,,,,,,
-113.58,53.31,EDMONTON INTL A,3012216,2022-07-07 23:00,2022,7,7,23:00,14.0,,13.4,,96,,,,18.0,,5,,32.2,,92.91,,,,,,Mainly Clear
-113.58,53.31,EDMONTON INTL A,3012216,2022-07-08 00:00,2022,7,8,00:00,14.5,,14.3,,99,,,,36.0,,1,,32.2,,92.9,,,,,,
-113.58,53.31,EDMONTON INTL A,3012216,2022-07-08 01:00,2022,7,8,01:00,13.5,,13.4,,99,,,,30.0,,12,,32.2,,92.95,,,,,,
-113.58,53.31,EDMONTON INTL A,3012216,2022-07-08 02:00,2022,7,8,02:00,14.8,,14.3,,97,,,,1.0,,18,,32.2,,92.95,,,,,,Mostly Cloudy
-113.58,53.31,EDMONTON INTL A,3012216,2022-07-08 03:00,2022,7,8,03:00,13.8,,13.4,,98,,,,2.0,,8,,32.2,,92.94,,,,,,
-113.58,53.31,EDMONTON INTL A,3012216,2022-07-08 04:00,2022,7,8,04:00,12.3,,12.2,,99,,,,36.0,,2,,1.2,,92.91,,,,,,Fog
-113.58,53.31,EDMONTON INTL A,3012216,2022-07-08 05:00,2022,7,8,05:00,10.9,,10.9,,100,,,,29.0,,6,,0.8,,92.93,,,,,,Fog
-113.58,53.31,EDMONTON INTL A,3012216,2022-07-08 06:00,2022,7,8,06:00,13.7,,13.7,,100,,,,28.0,,10,,24.1,,92.98,,,,,,
-113.58,53.31,EDMONTON INTL A,3012216,2022-07-08 07:00,2022,7,8,07:00,15.3,,13.9,,91,,,,34.0,,13,,32.2,,93.02,,,,,,
-113.58,53.31,EDMONTON INTL A,3012216,2022-07-08 08:00,2022,7,8,08:00,16.8,,15.0,,89,,,,36.0,,8,,32.2,,93.05,,,,,,Mainly Clear
-113.58,53.31,EDMONTON INTL A,3012216,2022-07-08 09:00,2022,7,8,09:00,17.7,,14.5,,81,,,,30.0,,6,,32.2,,93.08,,,,,,
-113.58,53.31,EDMONTON INTL A,3012216,2022-07-08 10:00,2022,7,8,10:00,19.1,,14.9,,76,,,,36.0,,1,,32.2,,93.07,,,,,,
-113.58,53.31,EDMONTON INTL A,3012216,2022-07-08 11:00,2022,7,8,11:00,20.4,,15.7,,74,,,,35.0,,8,,32.2,,93.06,,25.0,,,,Mainly Clear
-113.58,53.31,EDMONTON INTL A,3012216,2022-07-08 12:00,2022,7,8,12:00,21.8,,15.9,,69,,,,28.0,,9,,32.2,,93.05,,26.0,,,,
-113.58,53.31,EDMONTON INTL A,3012216,2022-07-08 13:00,2022,7,8,13:00,21.9,,15.7,,68,,,,20.0,,3,,32.2,,93.02,,26.0,,,,
-113.58,53.31,EDMONTON INTL A,3012216,2022-07-08 14:00,2022,7,8,14:00,22.7,,16.2,,66,,,,28.0,,7,,32.2,,93.01,,27.0,,,,Mostly Cloudy
-113.58,53.31,EDMONTON INTL A,3012216,2022-07-08 15:00,2022,7,8,15:00,19.6,,16.9,,84,,,,25.0,,18,,32.2,,93.1,,,,,,"Thunderstorms,Rain Showers"
-113.58,53.31,EDMONTON INTL A,3012216,2022-07-08 16:00,2022,7,8,16:00,22.3,,15.1,,63,,,,14.0,,12,,32.2,,93.02,,26.0,,,,
-113.58,53.31,EDMONTON INTL A,3012216,2022-07-08 17:00,2022,7,8,17:00,19.9,,13.9,,68,,,,32.0,,21,,32.2,,93.04,,,,,,Mostly Cloudy
-113.58,53.31,EDMONTON INTL A,3012216,2022-07-08 18:00,2022,7,8,18:00,18.9,,15.1,,78,,,,6.0,,6,,32.2,,93.0,,,,,,
-113.58,53.31,EDMONTON INTL A,3012216,2022-07-08 19:00,2022,7,8,19:00,21.2,,14.8,,66,,,,2.0,,7,,32.2,,92.99,,25.0,,,,
-113.58,53.31,EDMONTON INTL A,3012216,2022-07-08 20:00,2022,7,8,20:00,19.8,,15.5,,76,,,,36.0,,4,,32.2,,92.99,,,,,,Mostly Cloudy
-113.58,53.31,EDMONTON INTL A,3012216,2022-07-08 21:00,2022,7,8,21:00,16.3,,14.4,,88,,,,36.0,,8,,32.2,,93.02,,,,,,
-113.58,53.31,EDMONTON INTL A,3012216,2022-07-08 22:00,2022,7,8,22:00,15.4,,14.0,,91,,,,7.0,,8,,32.2,,93.02,,,,,,
-113.58,53.31,EDMONTON INTL A,3012216,2022-07-08 23:00,2022,7,8,23:00,14.0,,13.2,,95,,,,29.0,,5,,32.2,,93.02,,,,,,Mostly Cloudy
-113.58,53.31,EDMONTON INTL A,3012216,2022-07-09 00:00,2022,7,9,00:00,14.0,,13.3,,96,,,,34.0,,9,,32.2,,93.02,,,,,,Thunderstorms
-113.58,53.31,EDMONTON INTL A,3012216,2022-07-09 01:00,2022,7,9,01:00,15.1,,14.1,,94,,,,18.0,,14,,32.2,,93.05,,,,,,Thunderstorms
-113.58,53.31,EDMONTON INTL A,3012216,2022-07-09 02:00,2022,7,9,02:00,15.1,,14.2,,95,,,,20.0,,11,,32.2,,93.01,,,,,,Mostly Cloudy
-113.58,53.31,EDMONTON INTL A,3012216,2022-07-09 03:00,2022,7,9,03:00,13.3,,12.4,,94,,,,21.0,,7,,32.2,,93.04,,,,,,
-113.58,53.31,EDMONTON INTL A,3012216,2022-07-09 04:00,2022,7,9,04:00,11.6,,11.2,,97,,,,17.0,,5,,32.2,,93.07,,,,,,
-113.58,53.31,EDMONTON INTL A,3012216,2022-07-09 05:00,2022,7,9,05:00,12.1,,11.8,,98,,,,17.0,,7,,32.2,,93.1,,,,,,Mostly Cloudy
-113.58,53.31,EDMONTON INTL A,3012216,2022-07-09 06:00,2022,7,9,06:00,13.8,,13.1,,96,,,,24.0,,9,,32.2,,93.17,,,,,,
-113.58,53.31,EDMONTON INTL A,3012216,2022-07-09 07:00,2022,7,9,07:00,15.2,,11.5,,78,,,,29.0,,9,,32.2,,93.19,,,,,,
-113.58,53.31,EDMONTON INTL A,3012216,2022-07-09 08:00,2022,7,9,08:00,16.8,,11.0,,68,,,,32.0,,12,,32.2,,93.2,,,,,,Mainly Clear
-113.58,53.31,EDMONTON INTL A,3012216,2022-07-09 09:00,2022,7,9,09:00,18.6,,10.5,,59,,,,32.0,,11,,32.2,,93.19,,,,,,
-113.58,53.31,EDMONTON INTL A,3012216,2022-07-09 10:00,2022,7,9,10:00,19.4,,8.9,,51,,,,33.0,,10,,32.2,,93.19,,,,,,
-113.58,53.31,EDMONTON INTL A,3012216,2022-07-09 11:00,2022,7,9,11:00,20.2,,9.4,,50,,,,3.0,,4,,32.2,,93.18,,,,,,Clear
-113.58,53.31,EDMONTON INTL A,3012216,2022-07-09 12:00,2022,7,9,12:00,20.7,,11.1,,54,,,,32.0,,5,,32.2,,93.16,,,,,,
-113.58,53.31,EDMONTON INTL A,3012216,2022-07-09 13:00,2022,7,9,13:00,21.3,,11.2,,52,,,,34.0,,4,,32.2,,93.11,,,,,,
-113.58,53.31,EDMONTON INTL A,3012216,2022-07-09 14:00,2022,7,9,14:00,21.7,,10.9,,50,,,,24.0,,13,,32.2,,93.08,,,,,,Mainly Clear
-113.58,53.31,EDMONTON INTL A,3012216,2022-07-09 15:00,2022,7,9,15:00,22.4,,11.6,,50,,,,27.0,,6,,32.2,,93.05,,,,,,
-113.58,53.31,EDMONTON INTL A,3012216,2022-07-09 16:00,2022,7,9,16:00,18.9,,10.2,,57,,,,19.0,,19,,32.2,,93.01,,,,,,Thunderstorms
-113.58,53.31,EDMONTON INTL A,3012216,2022-07-09 17:00,2022,7,9,17:00,16.0,,13.0,,82,,,,1.0,,23,,24.1,,93.03,,,,,,Thunderstorms
-113.58,53.31,EDMONTON INTL A,3012216,2022-07-09 18:00,2022,7,9,18:00,16.2,,11.7,,74,,,,7.0,,15,,32.2,,92.99,,,,,,
-113.58,53.31,EDMONTON INTL A,3012216,2022-07-09 19:00,2022,7,9,19:00,16.1,,12.7,,80,,,,25.0,,5,,32.2,,93.01,,,,,,
-113.58,53.31,EDMONTON INTL A,3012216,2022-07-09 20:00,2022,7,9,20:00,16.4,,10.1,,66,,,,26.0,,7,,32.2,,92.95,,,,,,Mostly Cloudy
-113.58,53.31,EDMONTON INTL A,3012216,2022-07-09 21:00,2022,7,9,21:00,13.7,,11.1,,84,,,,22.0,,10,,32.2,,92.99,,,,,,
-113.58,53.31,EDMONTON INTL A,3012216,2022-07-09 22:00,2022,7,9,22:00,15.0,,10.5,,74,,,,14.0,,5,,32.2,,92.95,,,,,,
-113.58,53.31,EDMONTON INTL A,3012216,2022-07-09 23:00,2022,7,9,23:00,11.7,,10.9,,95,,,,23.0,,7,,32.2,,92.98,,,,,,Mostly Cloudy
-113.58,53.31,EDMONTON INTL A,3012216,2022-07-10 00:00,2022,7,10,00:00,13.6,,11.0,,84,,,,31.0,,10,,32.2,,93.01,,,,,,
-113.58,53.31,EDMONTON INTL A,3012216,2022-07-10 01:00,2022,7,10,01:00,12.3,,11.2,,93,,,,22.0,,11,,32.2,,93.04,,,,,,
-113.58,53.31,EDMONTON INTL A,3012216,2022-07-10 02:00,2022,7,10,02:00,13.3,,11.0,,86,,,,27.0,,14,,32.2,,93.05,,,,,,Mostly Cloudy
-113.58,53.31,EDMONTON INTL A,3012216,2022-07-10 03:00,2022,7,10,03:00,11.8,,10.5,,92,,,,27.0,,12,,32.2,,93.09,,,,,,
-113.58,53.31,EDMONTON INTL A,3012216,2022-07-10 04:00,2022,7,10,04:00,10.0,,9.4,,96,,,,27.0,,11,,32.2,,93.13,,,,,,
-113.58,53.31,EDMONTON INTL A,3012216,2022-07-10 05:00,2022,7,10,05:00,10.8,,8.9,,88,,,,28.0,,5,,32.2,,93.15,,,,,,Clear
-113.58,53.31,EDMONTON INTL A,3012216,2022-07-10 06:00,2022,7,10,06:00,11.7,,9.8,,88,,,,25.0,,9,,32.2,,93.19,,,,,,
-113.58,53.31,EDMONTON INTL A,3012216,2022-07-10 07:00,2022,7,10,07:00,14.8,,9.6,,71,,,,25.0,,12,,32.2,,93.2,,,,,,
-113.58,53.31,EDMONTON INTL A,3012216,2022-07-10 08:00,2022,7,10,08:00,16.6,,9.6,,63,,,,27.0,,15,,32.2,,93.22,,,,,,Mainly Clear
-113.58,53.31,EDMONTON INTL A,3012216,2022-07-10 09:00,2022,7,10,09:00,18.0,,10.1,,60,,,,29.0,,14,,32.2,,93.23,,,,,,
-113.58,53.31,EDMONTON INTL A,3012216,2022-07-10 10:00,2022,7,10,10:00,19.4,,10.3,,55,,,,29.0,,18,,32.2,,93.22,,,,,,
-113.58,53.31,EDMONTON INTL A,3012216,2022-07-10 11:00,2022,7,10,11:00,20.4,,9.4,,49,,,,29.0,,22,,32.2,,93.19,,,,,,Mainly Clear
-113.58,53.31,EDMONTON INTL A,3012216,2022-07-10 12:00,2022,7,10,12:00,21.4,,10.3,,49,,,,27.0,,22,,32.2,,93.19,,,,,,
-113.58,53.31,EDMONTON INTL A,3012216,2022-07-10 13:00,2022,7,10,13:00,21.7,,9.3,,45,,,,30.0,,17,,32.2,,93.17,,,,,,
-113.58,53.31,EDMONTON INTL A,3012216,2022-07-10 14:00,2022,7,10,14:00,22.2,,10.8,,48,,,,29.0,,15,,32.2,,93.17,,,,,,Mainly Clear
-113.58,53.31,EDMONTON INTL A,3012216,2022-07-10 15:00,2022,7,10,15:00,22.9,,9.0,,41,,,,29.0,,22,,32.2,,93.17,,,,,,
-113.58,53.31,EDMONTON INTL A,3012216,2022-07-10 16:00,2022,7,10,16:00,23.3,,10.2,,43,,,,28.0,,15,,32.2,,93.16,,25.0,,,,
-113.58,53.31,EDMONTON INTL A,3012216,2022-07-10 17:00,2022,7,10,17:00,22.7,,11.0,,47,,,,35.0,,16,,32.2,,93.16,,,,,,Mainly Clear
-113.58,53.31,EDMONTON INTL A,3012216,2022-07-10 18:00,2022,7,10,18:00,22.2,,10.5,,47,,,,34.0,,14,,32.2,,93.19,,,,,,
-113.58,53.31,EDMONTON INTL A,3012216,2022-07-10 19:00,2022,7,10,19:00,21.6,,13.6,,60,,,,32.0,,4,,32.2,,93.21,,25.0,,,,
-113.58,53.31,EDMONTON INTL A,3012216,2022-07-10 20:00,2022,7,10,20:00,18.6,,13.7,,73,,,,23.0,,7,,32.2,,93.2,,,,,,Mostly Cloudy
-113.58,53.31,EDMONTON INTL A,3012216,2022-07-10 21:00,2022,7,10,21:00,14.4,,12.7,,89,,,,21.0,,9,,32.2,,93.25,,,,,,
-113.58,53.31,EDMONTON INTL A,3012216,2022-07-10 22:00,2022,7,10,22:00,12.1,,11.1,,94,,,,22.0,,8,,32.2,,93.29,,,,,,
-113.58,53.31,EDMONTON INTL A,3012216,2022-07-10 23:00,2022,7,10,23:00,11.4,,10.5,,94,,,,23.0,,10,,32.2,,93.32,,,,,,Mostly Cloudy
-113.58,53.31,EDMONTON INTL A,3012216,2022-07-11 00:00,2022,7,11,00:00,11.7,,10.5,,92,,,,20.0,,8,,32.2,,93.35,,,,,,
-113.58,53.31,EDMONTON INTL A,3012216,2022-07-11 01:00,2022,7,11,01:00,9.3,,8.4,,94,,,,22.0,,8,,32.2,,93.36,,,,,,
-113.58,53.31,EDMONTON INTL A,3012216,2022-07-11 02:00,2022,7,11,02:00,10.1,,9.2,,94,,,,20.0,,4,,32.2,,93.4,,,,,,Clear
-113.58,53.31,EDMONTON INTL A,3012216,2022-07-11 03:00,2022,7,11,03:00,8.5,,7.3,,92,,,,23.0,,6,,32.2,,93.44,,,,,,
-113.58,53.31,EDMONTON INTL A,3012216,2022-07-11 04:00,2022,7,11,04:00,7.8,,6.8,,94,,,,23.0,,9,,32.2,,93.47,,,,,,
-113.58,53.31,EDMONTON INTL A,3012216,2022-07-11 05:00,2022,7,11,05:00,7.9,,6.3,,90,,,,22.0,,7,,32.2,,93.5,,,,,,Clear
-113.58,53.31,EDMONTON INTL A,3012216,2022-07-11 06:00,2022,7,11,06:00,11.0,,9.9,,93,,,,19.0,,4,,32.2,,93.52,,,,,,
-113.58,53.31,EDMONTON INTL A,3012216,2022-07-11 07:00,2022,7,11,07:00,15.3,,11.7,,79,,,,22.0,,8,,32.2,,93.51,,,,,,
-113.58,53.31,EDMONTON INTL A,3012216,2022-07-11 08:00,2022,7,11,08:00,16.5,,12.8,,78,,,,23.0,,8,,32.2,,93.52,,,,,,Mostly Cloudy
-113.58,53.31,EDMONTON INTL A,3012216,2022-07-11 09:00,2022,7,11,09:00,18.8,,12.2,,65,,,,26.0,,10,,32.2,,93.5,,,,,,
-113.58,53.31,EDMONTON INTL A,3012216,2022-07-11 10:00,2022,7,11,10:00,20.9,,11.6,,55,,,,22.0,,14,,32.2,,93.48,,,,,,
-113.58,53.31,EDMONTON INTL A,3012216,2022-07-11 11:00,2022,7,11,11:00,21.2,,13.0,,59,,,,25.0,,14,,32.2,,93.48,,,,,,Mostly Cloudy
-113.58,53.31,EDMONTON INTL A,3012216,2022-07-11 12:00,2022,7,11,12:00,22.8,,11.1,,47,,,,27.0,,10,,32.2,,93.45,,25.0,,,,
-113.58,53.31,EDMONTON INTL A,3012216,2022-07-11 13:00,2022,7,11,13:00,23.6,,11.4,,46,,,,25.0,,8,,32.2,,93.41,,26.0,,,,
-113.58,53.31,EDMONTON INTL A,3012216,2022-07-11 14:00,2022,7,11,14:00,24.1,,11.1,,43,,,,28.0,,10,,32.2,,93.35,,26.0,,,,Mainly Clear
-113.58,53.31,EDMONTON INTL A,3012216,2022-07-11 15:00,2022,7,11,15:00,24.8,,11.6,,43,,,,28.0,,8,,32.2,,93.29,,27.0,,,,
-113.58,53.31,EDMONTON INTL A,3012216,2022-07-11 16:00,2022,7,11,16:00,25.0,,10.5,,40,,,,23.0,,3,,32.2,,93.25,,27.0,,,,
-113.58,53.31,EDMONTON INTL A,3012216,2022-07-11 17:00,2022,7,11,17:00,24.4,,14.1,,52,,,,19.0,,15,,32.2,,93.2,,28.0,,,,Mainly Clear
-113.58,53.31,EDMONTON INTL A,3012216,2022-07-11 18:00,2022,7,11,18:00,23.9,,14.4,,55,,,,17.0,,11,,32.2,,93.16,,28.0,,,,
-113.58,53.31,EDMONTON INTL A,3012216,2022-07-11 19:00,2022,7,11,19:00,22.8,,15.7,,64,,,,16.0,,9,,32.2,,93.14,,27.0,,,,
-113.58,53.31,EDMONTON INTL A,3012216,2022-07-11 20:00,2022,7,11,20:00,21.0,,13.8,,63,,,,16.0,,13,,32.2,,93.09,,,,,,Clear
-113.58,53.31,EDMONTON INTL A,3012216,2022-07-11 21:00,2022,7,11,21:00,18.3,,13.4,,73,,,,15.0,,15,,32.2,,93.07,,,,,,
-113.58,53.31,EDMONTON INTL A,3012216,2022-07-11 22:00,2022,7,11,22:00,16.3,,13.0,,81,,,,15.0,,14,,32.2,,93.07,,,,,,
-113.58,53.31,EDMONTON INTL A,3012216,2022-07-11 23:00,2022,7,11,23:00,15.2,,12.6,,84,,,,13.0,,16,,32.2,,93.02,,,,,,Clear
-113.58,53.31,EDMONTON INTL A,3012216,2022-07-12 00:00,2022,7,12,00:00,16.4,,12.9,,80,,,,12.0,,19,,32.2,,92.97,,,,,,
-113.58,53.31,EDMONTON INTL A,3012216,2022-07-12 01:00,2022,7,12,01:00,16.0,,11.9,,76,,,,14.0,,17,,32.2,,92.93,,,,,,
-113.58,53.31,EDMONTON INTL A,3012216,2022-07-12 02:00,2022,7,12,02:00,15.6,,12.2,,80,,,,15.0,,15,,32.2,,92.89,,,,,,Clear
-113.58,53.31,EDMONTON INTL A,3012216,2022-07-12 03:00,2022,7,12,03:00,14.0,,11.9,,87,,,,16.0,,9,,32.2,,92.88,,,,,,
-113.58,53.31,EDMONTON INTL A,3012216,2022-07-12 04:00,2022,7,12,04:00,12.8,,11.6,,92,,,,15.0,,14,,32.2,,92.86,,,,,,
-113.58,53.31,EDMONTON INTL A,3012216,2022-07-12 05:00,2022,7,12,05:00,11.6,,10.8,,95,,,,13.0,,12,,32.2,,92.84,,,,,,Clear
-113.58,53.31,EDMONTON INTL A,3012216,2022-07-12 06:00,2022,7,12,06:00,14.0,,12.6,,91,,,,16.0,,9,,32.2,,92.83,,,,,,
-113.58,53.31,EDMONTON INTL A,3012216,2022-07-12 07:00,2022,7,12,07:00,17.6,,14.6,,82,,,,17.0,,9,,32.2,,92.82,,,,,,
-113.58,53.31,EDMONTON INTL A,3012216,2022-07-12 08:00,2022,7,12,08:00,19.4,,14.4,,72,,,,36.0,,2,,32.2,,92.82,,,,,,Mainly Clear
-113.58,53.31,EDMONTON INTL A,3012216,2022-07-12 09:00,2022,7,12,09:00,21.9,,16.5,,71,,,,27.0,,5,,32.2,,92.8,,27.0,,,,
-113.58,53.31,EDMONTON INTL A,3012216,2022-07-12 10:00,2022,7,12,10:00,23.4,,15.5,,61,,,,25.0,,4,,32.2,,92.76,,28.0,,,,
-113.58,53.31,EDMONTON INTL A,3012216,2022-07-12 11:00,2022,7,12,11:00,24.6,,18.0,,66,,,,19.0,,3,,32.2,,92.72,,31.0,,,,Mainly Clear
-113.58,53.31,EDMONTON INTL A,3012216,2022-07-12 12:00,2022,7,12,12:00,26.1,,16.5,,55,,,,18.0,,7,,32.2,,92.69,,31.0,,,,
-113.58,53.31,EDMONTON INTL A,3012216,2022-07-12 13:00,2022,7,12,13:00,27.4,,17.9,,55,,,,18.0,,8,,32.2,,92.63,,33.0,,,,
-113.58,53.31,EDMONTON INTL A,3012216,2022-07-12 14:00,2022,7,12,14:00,27.7,,16.6,,50,,,,16.0,,15,,32.2,,92.56,,33.0,,,,Mainly Clear
-113.58,53.31,EDMONTON INTL A,3012216,2022-07-12 15:00,2022,7,12,15:00,28.2,,17.7,,52,,,,17.0,,14,,32.2,,92.49,,34.0,,,,
-113.58,53.31,EDMONTON INTL A,3012216,2022-07-12 16:00,2022,7,12,16:00,28.0,,17.3,,51,,,,14.0,,22,,32.2,,92.44,,33.0,,,,
-113.58,53.31,EDMONTON INTL A,3012216,2022-07-12 17:00,2022,7,12,17:00,27.7,,17.3,,53,,,,14.0,,23,,32.2,,92.36,,33.0,,,,Clear
-113.58,53.31,EDMONTON INTL A,3012216,2022-07-12 18:00,2022,7,12,18:00,27.1,,18.2,,58,,,,14.0,,23,,32.2,,92.28,,33.0,,,,
-113.58,53.31,EDMONTON INTL A,3012216,2022-07-12 19:00,2022,7,12,19:00,25.6,,16.6,,57,,,,15.0,,19,,32.2,,92.21,,31.0,,,,
-113.58,53.31,EDMONTON INTL A,3012216,2022-07-12 20:00,2022,7,12,20:00,23.8,,16.2,,62,,,,15.0,,20,,32.2,,92.18,,29.0,,,,Clear
-113.58,53.31,EDMONTON INTL A,3012216,2022-07-12 21:00,2022,7,12,21:00,22.5,,15.0,,62,,,,15.0,,22,,32.2,,92.18,,26.0,,,,
-113.58,53.31,EDMONTON INTL A,3012216,2022-07-12 22:00,2022,7,12,22:00,20.8,,15.0,,69,,,,16.0,,15,,32.2,,92.2,,25.0,,,,
-113.58,53.31,EDMONTON INTL A,3012216,2022-07-12 23:00,2022,7,12,23:00,18.9,,14.9,,77,,,,16.0,,16,,32.2,,92.17,,,,,,Clear
-113.58,53.31,EDMONTON INTL A,3012216,2022-07-13 00:00,2022,7,13,00:00,16.1,,11.9,,76,,,,34.0,,30,,32.2,,92.31,,,,,,
-113.58,53.31,EDMONTON INTL A,3012216,2022-07-13 01:00,2022,7,13,01:00,14.0,,9.7,,75,,,,33.0,,26,,32.2,,92.44,,,,,,
-113.58,53.31,EDMONTON INTL A,3012216,2022-07-13 02:00,2022,7,13,02:00,12.9,,9.6,,80,,,,32.0,,17,,32.2,,92.43,,,,,,Clear
-113.58,53.31,EDMONTON INTL A,3012216,2022-07-13 03:00,2022,7,13,03:00,12.2,,9.4,,83,,,,32.0,,14,,32.2,,92.46,,,,,,
-113.58,53.31,EDMONTON INTL A,3012216,2022-07-13 04:00,2022,7,13,04:00,11.0,,9.2,,89,,,,31.0,,13,,32.2,,92.46,,,,,,
-113.58,53.31,EDMONTON INTL A,3012216,2022-07-13 05:00,2022,7,13,05:00,10.8,,9.0,,89,,,,29.0,,12,,32.2,,92.5,,,,,,Mainly Clear
-113.58,53.31,EDMONTON INTL A,3012216,2022-07-13 06:00,2022,7,13,06:00,12.2,,9.9,,85,,,,29.0,,10,,32.2,,92.57,,,,,,
-113.58,53.31,EDMONTON INTL A,3012216,2022-07-13 07:00,2022,7,13,07:00,14.4,,10.3,,76,,,,29.0,,11,,32.2,,92.6,,,,,,
-113.58,53.31,EDMONTON INTL A,3012216,2022-07-13 08:00,2022,7,13,08:00,16.6,,10.2,,66,,,,32.0,,15,,32.2,,92.6,,,,,,Mainly Clear
-113.58,53.31,EDMONTON INTL A,3012216,2022-07-13 09:00,2022,7,13,09:00,18.6,,9.4,,55,,,,32.0,,23,,32.2,,92.56,,,,,,
-113.58,53.31,EDMONTON INTL A,3012216,2022-07-13 10:00,2022,7,13,10:00,19.8,,9.4,,51,,,,34.0,,23,,32.2,,92.55,,,,,,
-113.58,53.31,EDMONTON INTL A,3012216,2022-07-13 11:00,2022,7,13,11:00,20.1,,11.2,,56,,,,35.0,,16,,32.2,,92.57,,,,,,Mostly Cloudy
-113.58,53.31,EDMONTON INTL A,3012216,2022-07-13 12:00,2022,7,13,12:00,20.6,,12.5,,59,,,,30.0,,10,,32.2,,92.58,,,,,,
-113.58,53.31,EDMONTON INTL A,3012216,2022-07-13 13:00,2022,7,13,13:00,20.3,,11.6,,57,,,,34.0,,14,,32.2,,92.58,,,,,,
-113.58,53.31,EDMONTON INTL A,3012216,2022-07-13 14:00,2022,7,13,14:00,20.9,,11.7,,55,,,,33.0,,15,,32.2,,92.61,,,,,,Mostly Cloudy
-113.58,53.31,EDMONTON INTL A,3012216,2022-07-13 15:00,2022,7,13,15:00,20.0,,10.1,,52,,,,34.0,,31,,32.2,,92.68,,,,,,
-113.58,53.31,EDMONTON INTL A,3012216,2022-07-13 16:00,2022,7,13,16:00,18.4,,10.9,,61,,,,34.0,,25,,32.2,,92.78,,,,,,
-113.58,53.31,EDMONTON INTL A,3012216,2022-07-13 17:00,2022,7,13,17:00,19.0,,9.9,,55,,,,1.0,,17,,32.2,,92.72,,,,,,Mainly Clear
-113.58,53.31,EDMONTON INTL A,3012216,2022-07-13 18:00,2022,7,13,18:00,19.1,,8.3,,49,,,,35.0,,13,,32.2,,92.75,,,,,,
-113.58,53.31,EDMONTON INTL A,3012216,2022-07-13 19:00,2022,7,13,19:00,19.0,,10.5,,57,,,,1.0,,5,,32.2,,92.74,,,,,,
-113.58,53.31,EDMONTON INTL A,3012216,2022-07-13 20:00,2022,7,13,20:00,17.0,,12.2,,73,,,,36.0,,2,,32.2,,92.75,,,,,,Clear
-113.58,53.31,EDMONTON INTL A,3012216,2022-07-13 21:00,2022,7,13,21:00,13.0,,9.6,,80,,,,21.0,,5,,32.2,,92.8,,,,,,
-113.58,53.31,EDMONTON INTL A,3012216,2022-07-13 22:00,2022,7,13,22:00,10.2,,9.1,,93,,,,21.0,,5,,32.2,,92.84,,,,,,
-113.58,53.31,EDMONTON INTL A,3012216,2022-07-13 23:00,2022,7,13,23:00,9.3,,8.6,,95,,,,19.0,,7,,32.2,,92.89,,,,,,Clear
-113.58,53.31,EDMONTON INTL A,3012216,2022-07-14 00:00,2022,7,14,00:00,7.7,,6.9,,95,,,,19.0,,7,,32.2,,92.94,,,,,,
-113.58,53.31,EDMONTON INTL A,3012216,2022-07-14 01:00,2022,7,14,01:00,7.5,,6.9,,96,,,,19.0,,8,,32.2,,92.97,,,,,,
-113.58,53.31,EDMONTON INTL A,3012216,2022-07-14 02:00,2022,7,14,02:00,7.4,,6.5,,94,,,,19.0,,3,,32.2,,92.99,,,,,,Mostly Cloudy
-113.58,53.31,EDMONTON INTL A,3012216,2022-07-14 03:00,2022,7,14,03:00,11.0,,9.8,,92,,,,27.0,,7,,32.2,,93.0,,,,,,
-113.58,53.31,EDMONTON INTL A,3012216,2022-07-14 04:00,2022,7,14,04:00,10.6,,9.5,,93,,,,33.0,,9,,32.2,,93.07,,,,,,
-113.58,53.31,EDMONTON INTL A,3012216,2022-07-14 05:00,2022,7,14,05:00,9.7,,9.3,,97,,,,12.0,,5,,32.2,,93.04,,,,,,Mostly Cloudy
-113.58,53.31,EDMONTON INTL A,3012216,2022-07-14 06:00,2022,7,14,06:00,12.2,,11.2,,93,,,,15.0,,7,,32.2,,93.07,,,,,,
-113.58,53.31,EDMONTON INTL A,3012216,2022-07-14 07:00,2022,7,14,07:00,15.2,,12.2,,82,,,,18.0,,15,,32.2,,93.08,,,,,,
-113.58,53.31,EDMONTON INTL A,3012216,2022-07-14 08:00,2022,7,14,08:00,17.5,,11.2,,66,,,,19.0,,17,,32.2,,93.08,,,,,,Mostly Cloudy
-113.58,53.31,EDMONTON INTL A,3012216,2022-07-14 09:00,2022,7,14,09:00,19.1,,10.1,,56,,,,18.0,,22,,32.2,,93.08,,,,,,
-113.58,53.31,EDMONTON INTL A,3012216,2022-07-14 10:00,2022,7,14,10:00,20.1,,11.9,,59,,,,17.0,,25,,32.2,,93.05,,,,,,
-113.58,53.31,EDMONTON INTL A,3012216,2022-07-14 11:00,2022,7,14,11:00,21.5,,13.0,,58,,,,18.0,,14,,32.2,,93.01,,,,,,Mostly Cloudy
-113.58,53.31,EDMONTON INTL A,3012216,2022-07-14 12:00,2022,7,14,12:00,22.6,,15.2,,63,,,,19.0,,17,,32.2,,92.95,,27.0,,,,
-113.58,53.31,EDMONTON INTL A,3012216,2022-07-14 13:00,2022,7,14,13:00,23.2,,14.8,,59,,,,16.0,,21,,32.2,,92.93,,27.0,,,,
-113.58,53.31,EDMONTON INTL A,3012216,2022-07-14 14:00,2022,7,14,14:00,23.6,,15.6,,60,,,,16.0,,12,,32.2,,92.92,,28.0,,,,Mostly Cloudy
-113.58,53.31,EDMONTON INTL A,3012216,2022-07-14 15:00,2022,7,14,15:00,23.9,,15.1,,57,,,,19.0,,13,,32.2,,92.9,,28.0,,,,
-113.58,53.31,EDMONTON INTL A,3012216,2022-07-14 16:00,2022,7,14,16:00,24.9,,15.6,,56,,,,16.0,,9,,32.2,,92.87,,29.0,,,,
-113.58,53.31,EDMONTON INTL A,3012216,2022-07-14 17:00,2022,7,14,17:00,24.6,,15.9,,58,,,,18.0,,10,,32.2,,92.85,,29.0,,,,Mostly Cloudy
-113.58,53.31,EDMONTON INTL A,3012216,2022-07-14 18:00,2022,7,14,18:00,24.8,,15.9,,57,,,,19.0,,5,,32.2,,92.86,,29.0,,,,
-113.58,53.31,EDMONTON INTL A,3012216,2022-07-14 19:00,2022,7,14,19:00,23.9,,15.7,,59,,,,14.0,,8,,32.2,,92.85,,28.0,,,,
-113.58,53.31,EDMONTON INTL A,3012216,2022-07-14 20:00,2022,7,14,20:00,21.2,,16.3,,73,,,,12.0,,11,,32.2,,92.87,,26.0,,,,Mainly Clear
-113.58,53.31,EDMONTON INTL A,3012216,2022-07-14 21:00,2022,7,14,21:00,18.5,,15.0,,80,,,,8.0,,11,,32.2,,92.92,,,,,,
-113.58,53.31,EDMONTON INTL A,3012216,2022-07-14 22:00,2022,7,14,22:00,15.6,,13.4,,87,,,,12.0,,11,,32.2,,92.93,,,,,,
-113.58,53.31,EDMONTON INTL A,3012216,2022-07-14 23:00,2022,7,14,23:00,14.6,,12.6,,87,,,,11.0,,8,,32.2,,92.93,,,,,,Clear
-113.58,53.31,EDMONTON INTL A,3012216,2022-07-15 00:00,2022,7,15,00:00,13.8,,12.6,,93,,,,13.0,,8,,32.2,,92.94,,,,,,
-113.58,53.31,EDMONTON INTL A,3012216,2022-07-15 01:00,2022,7,15,01:00,15.1,,13.3,,89,,,,15.0,,6,,32.2,,92.93,,,,,,
-113.58,53.31,EDMONTON INTL A,3012216,2022-07-15 02:00,2022,7,15,02:00,12.9,,12.2,,96,,,,36.0,,2,,32.2,,92.95,,,,,,Mainly Clear
-113.58,53.31,EDMONTON INTL A,3012216,2022-07-15 03:00,2022,7,15,03:00,12.9,,12.2,,96,,,,13.0,,6,,32.2,,92.92,,,,,,
-113.58,53.31,EDMONTON INTL A,3012216,2022-07-15 04:00,2022,7,15,04:00,12.0,,11.5,,97,,,,10.0,,3,,32.2,,92.92,,,,,,
-113.58,53.31,EDMONTON INTL A,3012216,2022-07-15 05:00,2022,7,15,05:00,11.1,,10.9,,99,,,,33.0,,4,,32.2,,92.98,,,,,,Mainly Clear
-113.58,53.31,EDMONTON INTL A,3012216,2022-07-15 06:00,2022,7,15,06:00,13.9,,13.6,,98,,,,35.0,,5,,32.2,,92.99,,,,,,
-113.58,53.31,EDMONTON INTL A,3012216,2022-07-15 07:00,2022,7,15,07:00,17.9,,15.3,,85,,,,1.0,,5,,32.2,,92.97,,,,,,
-113.58,53.31,EDMONTON INTL A,3012216,2022-07-15 08:00,2022,7,15,08:00,19.9,,16.0,,78,,,,1.0,,8,,32.2,,92.97,,,,,,Mostly Cloudy
-113.58,53.31,EDMONTON INTL A,3012216,2022-07-15 09:00,2022,7,15,09:00,22.7,,17.2,,71,,,,1.0,,9,,32.2,,92.95,,28.0,,,,
-113.58,53.31,EDMONTON INTL A,3012216,2022-07-15 10:00,2022,7,15,10:00,24.2,,16.9,,64,,,,5.0,,12,,32.2,,92.92,,29.0,,,,
-113.58,53.31,EDMONTON INTL A,3012216,2022-07-15 11:00,2022,7,15,11:00,25.7,,18.2,,63,,,,5.0,,8,,32.2,,92.88,,32.0,,,,Clear
-113.58,53.31,EDMONTON INTL A,3012216,2022-07-15 12:00,2022,7,15,12:00,26.3,,19.2,,65,,,,12.0,,8,,32.2,,92.86,,33.0,,,,
-113.58,53.31,EDMONTON INTL A,3012216,2022-07-15 13:00,2022,7,15,13:00,26.8,,17.2,,55,,,,12.0,,10,,32.2,,92.81,,32.0,,,,
-113.58,53.31,EDMONTON INTL A,3012216,2022-07-15 14:00,2022,7,15,14:00,27.1,,17.1,,54,,,,15.0,,13,,32.2,,92.77,,32.0,,,,Clear
-113.58,53.31,EDMONTON INTL A,3012216,2022-07-15 15:00,2022,7,15,15:00,27.4,,17.8,,55,,,,12.0,,15,,32.2,,92.77,,33.0,,,,
-113.58,53.31,EDMONTON INTL A,3012216,2022-07-15 16:00,2022,7,15,16:00,27.1,,17.9,,57,,,,11.0,,12,,32.2,,92.73,,33.0,,,,
-113.58,53.31,EDMONTON INTL A,3012216,2022-07-15 17:00,2022,7,15,17:00,28.1,,16.8,,50,,,,8.0,,9,,32.2,,92.69,,33.0,,,,Mostly Cloudy
-113.58,53.31,EDMONTON INTL A,3012216,2022-07-15 18:00,2022,7,15,18:00,27.0,,17.0,,54,,,,13.0,,11,,32.2,,92.65,,32.0,,,,
-113.58,53.31,EDMONTON INTL A,3012216,2022-07-15 19:00,2022,7,15,19:00,25.5,,17.8,,62,,,,13.0,,13,,32.2,,92.64,,31.0,,,,
-113.58,53.31,EDMONTON INTL A,3012216,2022-07-15 20:00,2022,7,15,20:00,23.6,,18.1,,71,,,,8.0,,11,,32.2,,92.6,,30.0,,,,Mostly Cloudy
-113.58,53.31,EDMONTON INTL A,3012216,2022-07-15 21:00,2022,7,15,21:00,23.2,,18.2,,73,,,,9.0,,14,,32.2,,92.6,,29.0,,,,
-113.58,53.31,EDMONTON INTL A,3012216,2022-07-15 22:00,2022,7,15,22:00,19.8,,17.2,,85,,,,36.0,,9,,32.2,,92.63,,,,,,
-113.58,53.31,EDMONTON INTL A,3012216,2022-07-15 23:00,2022,7,15,23:00,18.9,,17.1,,89,,,,32.0,,10,,32.2,,92.67,,,,,,Mainly Clear
-113.58,53.31,EDMONTON INTL A,3012216,2022-07-16 00:00,2022,7,16,00:00,16.6,,15.9,,95,,,,34.0,,4,,32.2,,92.61,,,,,,
-113.58,53.31,EDMONTON INTL A,3012216,2022-07-16 01:00,2022,7,16,01:00,15.3,,15.1,,99,,,,17.0,,5,,32.2,,92.6,,,,,,
-113.58,53.31,EDMONTON INTL A,3012216,2022-07-16 02:00,2022,7,16,02:00,13.7,,13.5,,98,,,,21.0,,7,,32.2,,92.58,,,,,,Clear
-113.58,53.31,EDMONTON INTL A,3012216,2022-07-16 03:00,2022,7,16,03:00,15.6,,15.0,,96,,,,34.0,,12,,32.2,,92.67,,,,,,
-113.58,53.31,EDMONTON INTL A,3012216,2022-07-16 04:00,2022,7,16,04:00,13.2,,12.8,,97,,,,26.0,,8,,32.2,,92.73,,,,,,
-113.58,53.31,EDMONTON INTL A,3012216,2022-07-16 05:00,2022,7,16,05:00,15.0,,14.2,,95,,,,32.0,,10,,32.2,,92.77,,,,,,Mainly Clear
-113.58,53.31,EDMONTON INTL A,3012216,2022-07-16 06:00,2022,7,16,06:00,16.5,,15.1,,91,,,,33.0,,8,,32.2,,92.79,,,,,,
-113.58,53.31,EDMONTON INTL A,3012216,2022-07-16 07:00,2022,7,16,07:00,18.4,,15.1,,81,,,,32.0,,8,,32.2,,92.8,,,,,,
-113.58,53.31,EDMONTON INTL A,3012216,2022-07-16 08:00,2022,7,16,08:00,20.0,,14.9,,72,,,,26.0,,8,,32.2,,92.82,,,,,,Mainly Clear
-113.58,53.31,EDMONTON INTL A,3012216,2022-07-16 09:00,2022,7,16,09:00,21.5,,15.2,,67,,,,31.0,,6,,32.2,,92.85,,26.0,,,,
-113.58,53.31,EDMONTON INTL A,3012216,2022-07-16 10:00,2022,7,16,10:00,23.2,,16.4,,65,,,,33.0,,8,,32.2,,92.84,,28.0,,,,
-113.58,53.31,EDMONTON INTL A,3012216,2022-07-16 11:00,2022,7,16,11:00,24.5,,15.2,,56,,,,34.0,,13,,32.2,,92.83,,29.0,,,,Clear
-113.58,53.31,EDMONTON INTL A,3012216,2022-07-16 12:00,2022,7,16,12:00,25.2,,16.8,,59,,,,31.0,,10,,32.2,,92.85,,30.0,,,,
-113.58,53.31,EDMONTON INTL A,3012216,2022-07-16 13:00,2022,7,16,13:00,25.4,,14.3,,50,,,,33.0,,11,,32.2,,92.85,,29.0,,,,
-113.58,53.31,EDMONTON INTL A,3012216,2022-07-16 14:00,2022,7,16,14:00,25.8,,14.5,,49,,,,33.0,,13,,32.2,,92.84,,29.0,,,,Clear
-113.58,53.31,EDMONTON INTL A,3012216,2022-07-16 15:00,2022,7,16,15:00,23.9,,12.7,,49,,,,35.0,,13,,32.2,,92.83,,27.0,,,,
-113.58,53.31,EDMONTON INTL A,3012216,2022-07-16 16:00,2022,7,16,16:00,24.3,,15.2,,56,,,,35.0,,6,,32.2,,92.84,,28.0,,,,
-113.58,53.31,EDMONTON INTL A,3012216,2022-07-16 17:00,2022,7,16,17:00,25.8,,13.5,,46,,,,36.0,,9,,32.2,,92.81,,29.0,,,,Mostly Cloudy
-113.58,53.31,EDMONTON INTL A,3012216,2022-07-16 18:00,2022,7,16,18:00,23.6,,14.6,,57,,,,35.0,,9,,32.2,,92.81,,27.0,,,,
-113.58,53.31,EDMONTON INTL A,3012216,2022-07-16 19:00,2022,7,16,19:00,22.3,,14.4,,61,,,,33.0,,11,,32.2,,92.81,,26.0,,,,
-113.58,53.31,EDMONTON INTL A,3012216,2022-07-16 20:00,2022,7,16,20:00,19.8,,13.1,,65,,,,31.0,,12,,32.2,,92.91,,,,,,Mostly Cloudy
-113.58,53.31,EDMONTON INTL A,3012216,2022-07-16 21:00,2022,7,16,21:00,16.2,,12.5,,78,,,,2.0,,13,,32.2,,92.86,,,,,,
-113.58,53.31,EDMONTON INTL A,3012216,2022-07-16 22:00,2022,7,16,22:00,16.3,,13.6,,84,,,,19.0,,4,,32.2,,92.89,,,,,,
-113.58,53.31,EDMONTON INTL A,3012216,2022-07-16 23:00,2022,7,16,23:00,15.7,,12.8,,83,,,,31.0,,12,,32.2,,92.99,,,,,,Mainly Clear
-113.58,53.31,EDMONTON INTL A,3012216,2022-07-17 00:00,2022,7,17,00:00,15.6,,13.2,,86,,,,36.0,,8,,32.2,,92.94,,,,,,
-113.58,53.31,EDMONTON INTL A,3012216,2022-07-17 01:00,2022,7,17,01:00,14.4,,13.7,,95,,,,36.0,,1,,32.2,,92.95,,,,,,
-113.58,53.31,EDMONTON INTL A,3012216,2022-07-17 02:00,2022,7,17,02:00,14.8,,13.1,,89,,,,30.0,,11,,32.2,,93.0,,,,,,Rain Showers
-113.58,53.31,EDMONTON INTL A,3012216,2022-07-17 03:00,2022,7,17,03:00,15.4,,12.2,,81,,,,2.0,,11,,32.2,,92.97,,,,,,
-113.58,53.31,EDMONTON INTL A,3012216,2022-07-17 04:00,2022,7,17,04:00,15.0,,12.8,,87,,,,10.0,,6,,32.2,,92.97,,,,,,Rain Showers
-113.58,53.31,EDMONTON INTL A,3012216,2022-07-17 05:00,2022,7,17,05:00,14.5,,12.8,,89,,,,18.0,,14,,32.2,,92.95,,,,,,Mostly Cloudy
-113.58,53.31,EDMONTON INTL A,3012216,2022-07-17 06:00,2022,7,17,06:00,14.1,,13.1,,94,,,,33.0,,10,,32.2,,93.06,,,,,,Rain Showers
-113.58,53.31,EDMONTON INTL A,3012216,2022-07-17 07:00,2022,7,17,07:00,13.7,,13.2,,97,,,,25.0,,11,,32.2,,93.09,,,,,,
-113.58,53.31,EDMONTON INTL A,3012216,2022-07-17 08:00,2022,7,17,08:00,14.4,,13.7,,96,,,,26.0,,8,,32.2,,93.06,,,,,,Cloudy
-113.58,53.31,EDMONTON INTL A,3012216,2022-07-17 09:00,2022,7,17,09:00,15.9,,14.2,,90,,,,24.0,,5,,32.2,,93.08,,,,,,
-113.58,53.31,EDMONTON INTL A,3012216,2022-07-17 10:00,2022,7,17,10:00,18.5,,14.7,,79,,,,27.0,,23,,32.2,,93.09,,,,,,
-113.58,53.31,EDMONTON INTL A,3012216,2022-07-17 11:00,2022,7,17,11:00,20.3,,15.3,,73,,,,25.0,,16,,32.2,,93.04,,,,,,Mostly Cloudy
-113.58,53.31,EDMONTON INTL A,3012216,2022-07-17 12:00,2022,7,17,12:00,21.2,,15.5,,69,,,,20.0,,10,,32.2,,92.97,,25.0,,,,
-113.58,53.31,EDMONTON INTL A,3012216,2022-07-17 13:00,2022,7,17,13:00,21.8,,14.3,,62,,,,28.0,,4,,32.2,,92.97,,25.0,,,,
-113.58,53.31,EDMONTON INTL A,3012216,2022-07-17 14:00,2022,7,17,14:00,22.0,,13.2,,57,,,,22.0,,5,,32.2,,92.93,,25.0,,,,Mostly Cloudy
-113.58,53.31,EDMONTON INTL A,3012216,2022-07-17 15:00,2022,7,17,15:00,22.9,,14.3,,58,,,,17.0,,8,,32.2,,92.91,,26.0,,,,
-113.58,53.31,EDMONTON INTL A,3012216,2022-07-17 16:00,2022,7,17,16:00,23.3,,13.8,,55,,,,19.0,,9,,32.2,,92.86,,27.0,,,,
-113.58,53.31,EDMONTON INTL A,3012216,2022-07-17 17:00,2022,7,17,17:00,23.2,,12.2,,49,,,,20.0,,8,,32.2,,92.82,,26.0,,,,Clear
-113.58,53.31,EDMONTON INTL A,3012216,2022-07-17 18:00,2022,7,17,18:00,22.9,,14.2,,57,,,,19.0,,8,,32.2,,92.77,,26.0,,,,
-113.58,53.31,EDMONTON INTL A,3012216,2022-07-17 19:00,2022,7,17,19:00,21.6,,15.7,,69,,,,18.0,,7,,32.2,,92.76,,26.0,,,,
-113.58,53.31,EDMONTON INTL A,3012216,2022-07-17 20:00,2022,7,17,20:00,18.7,,14.4,,76,,,,17.0,,9,,32.2,,92.76,,,,,,Clear
-113.58,53.31,EDMONTON INTL A,3012216,2022-07-17 21:00,2022,7,17,21:00,16.7,,13.1,,80,,,,15.0,,10,,32.2,,92.76,,,,,,
-113.58,53.31,EDMONTON INTL A,3012216,2022-07-17 22:00,2022,7,17,22:00,14.0,,11.7,,85,,,,16.0,,10,,32.2,,92.78,,,,,,
-113.58,53.31,EDMONTON INTL A,3012216,2022-07-17 23:00,2022,7,17,23:00,12.1,,11.2,,94,,,,18.0,,8,,32.2,,92.77,,,,,,Clear
-113.58,53.31,EDMONTON INTL A,3012216,2022-07-18 00:00,2022,7,18,00:00,12.6,,12.2,,97,,,,17.0,,10,,32.2,,92.73,,,,,,
-113.58,53.31,EDMONTON INTL A,3012216,2022-07-18 01:00,2022,7,18,01:00,14.3,,13.6,,96,,,,17.0,,11,,32.2,,92.69,,,,,,
-113.58,53.31,EDMONTON INTL A,3012216,2022-07-18 02:00,2022,7,18,02:00,13.6,,12.9,,95,,,,14.0,,8,,32.2,,92.66,,,,,,Clear
-113.58,53.31,EDMONTON INTL A,3012216,2022-07-18 03:00,2022,7,18,03:00,12.8,,12.2,,96,,,,13.0,,13,,32.2,,92.64,,,,,,
-113.58,53.31,EDMONTON INTL A,3012216,2022-07-18 04:00,2022,7,18,04:00,12.3,,11.9,,98,,,,14.0,,13,,32.2,,92.66,,,,,,
-113.58,53.31,EDMONTON INTL A,3012216,2022-07-18 05:00,2022,7,18,05:00,12.6,,12.2,,98,,,,15.0,,11,,32.2,,92.64,,,,,,Mainly Clear
-113.58,53.31,EDMONTON INTL A,3012216,2022-07-18 06:00,2022,7,18,06:00,14.8,,13.9,,94,,,,14.0,,5,,32.2,,92.6,,,,,,
-113.58,53.31,EDMONTON INTL A,3012216,2022-07-18 07:00,2022,7,18,07:00,17.3,,15.5,,89,,,,15.0,,6,,32.2,,92.54,,,,,,
-113.58,53.31,EDMONTON INTL A,3012216,2022-07-18 08:00,2022,7,18,08:00,18.4,,16.1,,87,,,,18.0,,5,,32.2,,92.52,,,,,,Mostly Cloudy
-113.58,53.31,EDMONTON INTL A,3012216,2022-07-18 09:00,2022,7,18,09:00,19.4,,15.9,,80,,,,20.0,,4,,32.2,,92.46,,,,,,
-113.58,53.31,EDMONTON INTL A,3012216,2022-07-18 10:00,2022,7,18,10:00,21.9,,17.4,,75,,,,36.0,,9,,32.2,,92.43,,27.0,,,,
-113.58,53.31,EDMONTON INTL A,3012216,2022-07-18 11:00,2022,7,18,11:00,22.6,,17.6,,73,,,,14.0,,10,,32.2,,92.41,,28.0,,,,Mostly Cloudy
-113.58,53.31,EDMONTON INTL A,3012216,2022-07-18 12:00,2022,7,18,12:00,23.3,,17.4,,69,,,,15.0,,19,,32.2,,92.36,,29.0,,,,
-113.58,53.31,EDMONTON INTL A,3012216,2022-07-18 13:00,2022,7,18,13:00,23.1,,17.6,,71,,,,13.0,,14,,32.2,,92.34,,29.0,,,,
-113.58,53.31,EDMONTON INTL A,3012216,2022-07-18 14:00,2022,7,18,14:00,24.6,,18.2,,67,,,,14.0,,16,,32.2,,92.33,,31.0,,,,Mostly Cloudy
-113.58,53.31,EDMONTON INTL A,3012216,2022-07-18 15:00,2022,7,18,15:00,25.0,,18.4,,66,,,,18.0,,10,,32.2,,92.31,,31.0,,,,
-113.58,53.31,EDMONTON INTL A,3012216,2022-07-18 16:00,2022,7,18,16:00,24.9,,16.2,,58,,,,23.0,,3,,32.2,,92.3,,30.0,,,,
-113.58,53.31,EDMONTON INTL A,3012216,2022-07-18 17:00,2022,7,18,17:00,24.9,,18.0,,65,,,,19.0,,8,,32.2,,92.28,,31.0,,,,Mainly Clear
-113.58,53.31,EDMONTON INTL A,3012216,2022-07-18 18:00,2022,7,18,18:00,24.9,,17.2,,62,,,,17.0,,4,,32.2,,92.25,,30.0,,,,
-113.58,53.31,EDMONTON INTL A,3012216,2022-07-18 19:00,2022,7,18,19:00,23.9,,19.2,,74,,,,18.0,,8,,32.2,,92.33,,31.0,,,,
-113.58,53.31,EDMONTON INTL A,3012216,2022-07-18 20:00,2022,7,18,20:00,20.9,,17.8,,82,,,,18.0,,10,,32.2,,92.34,,27.0,,,,Mainly Clear
-113.58,53.31,EDMONTON INTL A,3012216,2022-07-18 21:00,2022,7,18,21:00,16.6,,15.5,,93,,,,22.0,,10,,32.2,,92.36,,,,,,
-113.58,53.31,EDMONTON INTL A,3012216,2022-07-18 22:00,2022,7,18,22:00,15.5,,14.8,,96,,,,21.0,,10,,32.2,,92.41,,,,,,
-113.58,53.31,EDMONTON INTL A,3012216,2022-07-18 23:00,2022,7,18,23:00,17.3,,16.6,,96,,,,23.0,,11,,32.2,,92.42,,,,,,Mostly Cloudy
-113.58,53.31,EDMONTON INTL A,3012216,2022-07-19 00:00,2022,7,19,00:00,18.2,,13.3,,73,,,,24.0,,16,,24.1,,92.51,,,,,,"Thunderstorms,Moderate Rain Showers"
-113.58,53.31,EDMONTON INTL A,3012216,2022-07-19 01:00,2022,7,19,01:00,16.2,,15.1,,93,,,,18.0,,3,,32.2,,92.55,,,,,,
-113.58,53.31,EDMONTON INTL A,3012216,2022-07-19 02:00,2022,7,19,02:00,15.9,,14.8,,93,,,,25.0,,5,,32.2,,92.58,,,,,,Mostly Cloudy
-113.58,53.31,EDMONTON INTL A,3012216,2022-07-19 03:00,2022,7,19,03:00,15.0,,14.2,,95,,,,21.0,,9,,32.2,,92.61,,,,,,
-113.58,53.31,EDMONTON INTL A,3012216,2022-07-19 04:00,2022,7,19,04:00,15.3,,14.2,,93,,,,22.0,,8,,32.2,,92.65,,,,,,
-113.58,53.31,EDMONTON INTL A,3012216,2022-07-19 05:00,2022,7,19,05:00,16.3,,13.4,,83,,,,30.0,,8,,32.2,,92.68,,,,,,Mostly Cloudy
-113.58,53.31,EDMONTON INTL A,3012216,2022-07-19 06:00,2022,7,19,06:00,16.4,,14.1,,86,,,,26.0,,8,,32.2,,92.69,,,,,,
-113.58,53.31,EDMONTON INTL A,3012216,2022-07-19 07:00,2022,7,19,07:00,18.7,,14.7,,77,,,,25.0,,10,,32.2,,92.72,,,,,,
-113.58,53.31,EDMONTON INTL A,3012216,2022-07-19 08:00,2022,7,19,08:00,20.2,,13.2,,64,,,,28.0,,14,,32.2,,92.73,,,,,,Mainly Clear
-113.58,53.31,EDMONTON INTL A,3012216,2022-07-19 09:00,2022,7,19,09:00,20.5,,14.2,,67,,,,27.0,,14,,32.2,,92.76,,,,,,
-113.58,53.31,EDMONTON INTL A,3012216,2022-07-19 10:00,2022,7,19,10:00,22.3,,13.8,,58,,,,31.0,,14,,32.2,,92.72,,26.0,,,,
-113.58,53.31,EDMONTON INTL A,3012216,2022-07-19 11:00,2022,7,19,11:00,22.1,,13.7,,58,,,,32.0,,15,,32.2,,92.72,,25.0,,,,Mostly Cloudy
-113.58,53.31,EDMONTON INTL A,3012216,2022-07-19 12:00,2022,7,19,12:00,22.7,,12.9,,53,,,,30.0,,15,,32.2,,92.7,,25.0,,,,
-113.58,53.31,EDMONTON INTL A,3012216,2022-07-19 13:00,2022,7,19,13:00,23.1,,11.6,,48,,,,27.0,,12,,32.2,,92.68,,25.0,,,,
-113.58,53.31,EDMONTON INTL A,3012216,2022-07-19 14:00,2022,7,19,14:00,22.5,,13.5,,56,,,,25.0,,7,,32.2,,92.62,,26.0,,,,Mostly Cloudy
-113.58,53.31,EDMONTON INTL A,3012216,2022-07-19 15:00,2022,7,19,15:00,22.8,,13.1,,54,,,,23.0,,7,,32.2,,92.61,,26.0,,,,
-113.58,53.31,EDMONTON INTL A,3012216,2022-07-19 16:00,2022,7,19,16:00,22.5,,14.4,,60,,,,19.0,,13,,32.2,,92.57,,26.0,,,,
-113.58,53.31,EDMONTON INTL A,3012216,2022-07-19 17:00,2022,7,19,17:00,22.2,,12.8,,55,,,,28.0,,5,,32.2,,92.55,,25.0,,,,Mostly Cloudy
-113.58,53.31,EDMONTON INTL A,3012216,2022-07-19 18:00,2022,7,19,18:00,17.3,,14.9,,86,,,,29.0,,7,,32.2,,92.63,,,,,,"Thunderstorms,Rain Showers"
-113.58,53.31,EDMONTON INTL A,3012216,2022-07-19 19:00,2022,7,19,19:00,17.8,,10.1,,60,,,,34.0,,15,,32.2,,92.71,,,,,,
-113.58,53.31,EDMONTON INTL A,3012216,2022-07-19 20:00,2022,7,19,20:00,17.7,,10.7,,63,,,,30.0,,7,,32.2,,92.75,,,,,,Mostly Cloudy
-113.58,53.31,EDMONTON INTL A,3012216,2022-07-19 21:00,2022,7,19,21:00,12.7,,10.8,,88,,,,26.0,,8,,32.2,,92.85,,,,,,
-113.58,53.31,EDMONTON INTL A,3012216,2022-07-19 22:00,2022,7,19,22:00,11.2,,9.4,,88,,,,28.0,,11,,32.2,,92.93,,,,,,
-113.58,53.31,EDMONTON INTL A,3012216,2022-07-19 23:00,2022,7,19,23:00,11.2,,9.1,,86,,,,31.0,,9,,32.2,,92.98,,,,,,Mainly Clear
-113.58,53.31,EDMONTON INTL A,3012216,2022-07-20 00:00,2022,7,20,00:00,11.5,,8.0,,79,,,,30.0,,12,,32.2,,93.02,,,,,,
-113.58,53.31,EDMONTON INTL A,3012216,2022-07-20 01:00,2022,7,20,01:00,8.3,,6.8,,90,,,,25.0,,12,,32.2,,93.05,,,,,,
-113.58,53.31,EDMONTON INTL A,3012216,2022-07-20 02:00,2022,7,20,02:00,7.3,,6.1,,92,,,,23.0,,4,,32.2,,93.07,,,,,,Clear
-113.58,53.31,EDMONTON INTL A,3012216,2022-07-20 03:00,2022,7,20,03:00,7.4,,6.5,,94,,,,22.0,,13,,32.2,,93.09,,,,,,
-113.58,53.31,EDMONTON INTL A,3012216,2022-07-20 04:00,2022,7,20,04:00,6.8,,5.3,,91,,,,21.0,,9,,32.2,,93.12,,,,,,
-113.58,53.31,EDMONTON INTL A,3012216,2022-07-20 05:00,2022,7,20,05:00,7.3,,6.0,,92,,,,22.0,,10,,32.2,,93.13,,,,,,Clear
-113.58,53.31,EDMONTON INTL A,3012216,2022-07-20 06:00,2022,7,20,06:00,10.8,,8.4,,85,,,,25.0,,12,,32.2,,93.16,,,,,,
-113.58,53.31,EDMONTON INTL A,3012216,2022-07-20 07:00,2022,7,20,07:00,13.8,,9.3,,74,,,,26.0,,16,,32.2,,93.18,,,,,,
-113.58,53.31,EDMONTON INTL A,3012216,2022-07-20 08:00,2022,7,20,08:00,16.5,,9.1,,61,,,,27.0,,16,,32.2,,93.19,,,,,,Clear
-113.58,53.31,EDMONTON INTL A,3012216,2022-07-20 09:00,2022,7,20,09:00,17.9,,8.8,,55,,,,26.0,,21,,32.2,,93.18,,,,,,
-113.58,53.31,EDMONTON INTL A,3012216,2022-07-20 10:00,2022,7,20,10:00,19.3,,10.1,,55,,,,26.0,,18,,32.2,,93.14,,,,,,
-113.58,53.31,EDMONTON INTL A,3012216,2022-07-20 11:00,2022,7,20,11:00,20.5,,11.0,,54,,,,26.0,,17,,32.2,,93.11,,,,,,Clear
-113.58,53.31,EDMONTON INTL A,3012216,2022-07-20 12:00,2022,7,20,12:00,21.2,,10.5,,50,,,,27.0,,17,,32.2,,93.07,,,,,,
-113.58,53.31,EDMONTON INTL A,3012216,2022-07-20 13:00,2022,7,20,13:00,22.4,,8.8,,42,,,,27.0,,20,,32.2,,93.04,,,,,,
-113.58,53.31,EDMONTON INTL A,3012216,2022-07-20 14:00,2022,7,20,14:00,22.6,,7.9,,38,,,,27.0,,20,,32.2,,93.01,,,,,,Mainly Clear
-113.58,53.31,EDMONTON INTL A,3012216,2022-07-20 15:00,2022,7,20,15:00,22.9,,7.9,,38,,,,29.0,,13,,32.2,,92.98,,,,,,
-113.58,53.31,EDMONTON INTL A,3012216,2022-07-20 16:00,2022,7,20,16:00,23.1,,9.4,,41,,,,30.0,,14,,32.2,,92.96,,,,,,
-113.58,53.31,EDMONTON INTL A,3012216,2022-07-20 17:00,2022,7,20,17:00,23.4,,9.7,,41,,,,30.0,,12,,32.2,,92.9,,25.0,,,,Clear
-113.58,53.31,EDMONTON INTL A,3012216,2022-07-20 18:00,2022,7,20,18:00,22.9,,10.2,,44,,,,28.0,,7,,32.2,,92.88,,,,,,
-113.58,53.31,EDMONTON INTL A,3012216,2022-07-20 19:00,2022,7,20,19:00,22.1,,12.8,,55,,,,26.0,,5,,32.2,,92.85,,25.0,,,,
-113.58,53.31,EDMONTON INTL A,3012216,2022-07-20 20:00,2022,7,20,20:00,18.6,,13.1,,70,,,,22.0,,10,,32.2,,92.87,,,,,,Mainly Clear
-113.58,53.31,EDMONTON INTL A,3012216,2022-07-20 21:00,2022,7,20,21:00,14.7,,12.3,,85,,,,21.0,,7,,32.2,,92.9,,,,,,
-113.58,53.31,EDMONTON INTL A,3012216,2022-07-20 22:00,2022,7,20,22:00,12.6,,10.8,,89,,,,21.0,,9,,32.2,,92.91,,,,,,
-113.58,53.31,EDMONTON INTL A,3012216,2022-07-20 23:00,2022,7,20,23:00,12.1,,10.0,,87,,,,20.0,,5,,32.2,,92.91,,,,,,Mainly Clear
-113.58,53.31,EDMONTON INTL A,3012216,2022-07-21 00:00,2022,7,21,00:00,9.9,,8.9,,94,,,,20.0,,9,,32.2,,92.91,,,,,,
-113.58,53.31,EDMONTON INTL A,3012216,2022-07-21 01:00,2022,7,21,01:00,10.1,,9.3,,95,,,,20.0,,10,,32.2,,92.9,,,,,,
-113.58,53.31,EDMONTON INTL A,3012216,2022-07-21 02:00,2022,7,21,02:00,8.9,,8.4,,96,,,,20.0,,9,,32.2,,92.88,,,,,,Clear
-113.58,53.31,EDMONTON INTL A,3012216,2022-07-21 03:00,2022,7,21,03:00,8.0,,7.8,,98,,,,21.0,,10,,32.2,,92.89,,,,,,
-113.58,53.31,EDMONTON INTL A,3012216,2022-07-21 04:00,2022,7,21,04:00,8.6,,8.0,,97,,,,22.0,,10,,32.2,,92.9,,,,,,
-113.58,53.31,EDMONTON INTL A,3012216,2022-07-21 05:00,2022,7,21,05:00,10.2,,8.7,,91,,,,24.0,,7,,32.2,,92.9,,,,,,Mainly Clear
-113.58,53.31,EDMONTON INTL A,3012216,2022-07-21 06:00,2022,7,21,06:00,12.6,,10.5,,87,,,,27.0,,10,,32.2,,92.9,,,,,,
-113.58,53.31,EDMONTON INTL A,3012216,2022-07-21 07:00,2022,7,21,07:00,15.2,,12.0,,81,,,,26.0,,8,,32.2,,92.91,,,,,,
-113.58,53.31,EDMONTON INTL A,3012216,2022-07-21 08:00,2022,7,21,08:00,18.1,,12.0,,67,,,,27.0,,10,,32.2,,92.9,,,,,,Mainly Clear
-113.58,53.31,EDMONTON INTL A,3012216,2022-07-21 09:00,2022,7,21,09:00,20.9,,13.0,,60,,,,26.0,,14,,32.2,,92.88,,,,,,
-113.58,53.31,EDMONTON INTL A,3012216,2022-07-21 10:00,2022,7,21,10:00,22.6,,10.0,,44,,,,27.0,,18,,32.2,,92.86,,,,,,
-113.58,53.31,EDMONTON INTL A,3012216,2022-07-21 11:00,2022,7,21,11:00,23.6,,9.9,,41,,,,28.0,,9,,32.2,,92.82,,25.0,,,,Mainly Clear
-113.58,53.31,EDMONTON INTL A,3012216,2022-07-21 12:00,2022,7,21,12:00,24.1,,9.5,,39,,,,32.0,,9,,32.2,,92.8,,25.0,,,,
-113.58,53.31,EDMONTON INTL A,3012216,2022-07-21 13:00,2022,7,21,13:00,25.2,,12.0,,43,,,,28.0,,12,,32.2,,92.73,,27.0,,,,
-113.58,53.31,EDMONTON INTL A,3012216,2022-07-21 14:00,2022,7,21,14:00,23.8,,11.7,,46,,,,28.0,,5,,32.2,,92.71,,26.0,,,,Mostly Cloudy
-113.58,53.31,EDMONTON INTL A,3012216,2022-07-21 15:00,2022,7,21,15:00,23.7,,13.3,,52,,,,36.0,,3,,32.2,,92.66,,27.0,,,,
-113.58,53.31,EDMONTON INTL A,3012216,2022-07-21 16:00,2022,7,21,16:00,25.1,,9.7,,37,,,,36.0,,2,,32.2,,92.63,,26.0,,,,
-113.58,53.31,EDMONTON INTL A,3012216,2022-07-21 17:00,2022,7,21,17:00,24.8,,10.5,,40,,,,36.0,,2,,32.2,,92.6,,26.0,,,,Mostly Cloudy
-113.58,53.31,EDMONTON INTL A,3012216,2022-07-21 18:00,2022,7,21,18:00,24.5,,14.0,,52,,,,18.0,,10,,32.2,,92.61,,28.0,,,,
-113.58,53.31,EDMONTON INTL A,3012216,2022-07-21 19:00,2022,7,21,19:00,22.9,,14.8,,59,,,,18.0,,3,,32.2,,92.62,,27.0,,,,
-113.58,53.31,EDMONTON INTL A,3012216,2022-07-21 20:00,2022,7,21,20:00,21.3,,14.8,,66,,,,36.0,,2,,32.2,,92.65,,25.0,,,,Mostly Cloudy
-113.58,53.31,EDMONTON INTL A,3012216,2022-07-21 21:00,2022,7,21,21:00,19.1,,13.6,,70,,,,35.0,,15,,32.2,,92.71,,,,,,
-113.58,53.31,EDMONTON INTL A,3012216,2022-07-21 22:00,2022,7,21,22:00,17.2,,12.0,,72,,,,36.0,,9,,32.2,,92.77,,,,,,
-113.58,53.31,EDMONTON INTL A,3012216,2022-07-21 23:00,2022,7,21,23:00,15.1,,12.7,,85,,,,3.0,,16,,32.2,,92.81,,,,,,"Thunderstorms,Rain Showers"
-113.58,53.31,EDMONTON INTL A,3012216,2022-07-22 00:00,2022,7,22,00:00,15.1,,13.3,,89,,,,4.0,,10,,32.2,,92.81,,,,,,"Thunderstorms,Rain Showers"
-113.58,53.31,EDMONTON INTL A,3012216,2022-07-22 01:00,2022,7,22,01:00,14.3,,13.1,,93,,,,31.0,,7,,32.2,,92.92,,,,,,
-113.58,53.31,EDMONTON INTL A,3012216,2022-07-22 02:00,2022,7,22,02:00,13.9,,12.5,,91,,,,28.0,,4,,32.2,,92.95,,,,,,Cloudy
-113.58,53.31,EDMONTON INTL A,3012216,2022-07-22 03:00,2022,7,22,03:00,13.2,,12.6,,96,,,,22.0,,7,,32.2,,92.95,,,,,,
-113.58,53.31,EDMONTON INTL A,3012216,2022-07-22 04:00,2022,7,22,04:00,13.5,,12.2,,92,,,,28.0,,9,,32.2,,92.95,,,,,,
-113.58,53.31,EDMONTON INTL A,3012216,2022-07-22 05:00,2022,7,22,05:00,13.5,,11.8,,89,,,,30.0,,8,,32.2,,92.98,,,,,,Mostly Cloudy
-113.58,53.31,EDMONTON INTL A,3012216,2022-07-22 06:00,2022,7,22,06:00,13.4,,12.4,,93,,,,34.0,,6,,32.2,,92.98,,,,,,
-113.58,53.31,EDMONTON INTL A,3012216,2022-07-22 07:00,2022,7,22,07:00,14.6,,12.2,,86,,,,34.0,,12,,32.2,,93.03,,,,,,
-113.58,53.31,EDMONTON INTL A,3012216,2022-07-22 08:00,2022,7,22,08:00,15.2,,11.4,,77,,,,34.0,,11,,32.2,,93.06,,,,,,Rain Showers
-113.58,53.31,EDMONTON INTL A,3012216,2022-07-22 09:00,2022,7,22,09:00,17.4,,11.4,,68,,,,32.0,,10,,32.2,,93.05,,,,,,
-113.58,53.31,EDMONTON INTL A,3012216,2022-07-22 10:00,2022,7,22,10:00,16.7,,9.5,,62,,,,34.0,,14,,32.2,,93.06,,,,,,
-113.58,53.31,EDMONTON INTL A,3012216,2022-07-22 11:00,2022,7,22,11:00,19.1,,10.1,,56,,,,36.0,,16,,32.2,,93.06,,,,,,Mostly Cloudy
-113.58,53.31,EDMONTON INTL A,3012216,2022-07-22 12:00,2022,7,22,12:00,19.6,,10.2,,54,,,,35.0,,13,,32.2,,93.07,,,,,,
-113.58,53.31,EDMONTON INTL A,3012216,2022-07-22 13:00,2022,7,22,13:00,20.5,,10.6,,53,,,,35.0,,11,,32.2,,93.06,,,,,,
-113.58,53.31,EDMONTON INTL A,3012216,2022-07-22 14:00,2022,7,22,14:00,20.1,,11.1,,56,,,,36.0,,14,,32.2,,93.07,,,,,,Mostly Cloudy
-113.58,53.31,EDMONTON INTL A,3012216,2022-07-22 15:00,2022,7,22,15:00,20.8,,10.3,,51,,,,36.0,,12,,32.2,,93.07,,,,,,
-113.58,53.31,EDMONTON INTL A,3012216,2022-07-22 16:00,2022,7,22,16:00,21.4,,10.7,,50,,,,35.0,,14,,32.2,,93.09,,,,,,
-113.58,53.31,EDMONTON INTL A,3012216,2022-07-22 17:00,2022,7,22,17:00,21.4,,9.3,,46,,,,33.0,,13,,32.2,,93.09,,,,,,Mainly Clear
-113.58,53.31,EDMONTON INTL A,3012216,2022-07-22 18:00,2022,7,22,18:00,20.5,,9.6,,49,,,,36.0,,2,,32.2,,93.11,,,,,,
-113.58,53.31,EDMONTON INTL A,3012216,2022-07-22 19:00,2022,7,22,19:00,20.1,,12.0,,59,,,,36.0,,2,,32.2,,93.13,,,,,,
-113.58,53.31,EDMONTON INTL A,3012216,2022-07-22 20:00,2022,7,22,20:00,18.1,,12.4,,69,,,,3.0,,8,,32.2,,93.18,,,,,,Mainly Clear
-113.58,53.31,EDMONTON INTL A,3012216,2022-07-22 21:00,2022,7,22,21:00,16.0,,10.5,,70,,,,9.0,,8,,32.2,,93.21,,,,,,
-113.58,53.31,EDMONTON INTL A,3012216,2022-07-22 22:00,2022,7,22,22:00,12.6,,9.6,,82,,,,9.0,,5,,32.2,,93.23,,,,,,
-113.58,53.31,EDMONTON INTL A,3012216,2022-07-22 23:00,2022,7,22,23:00,11.7,,10.4,,92,,,,6.0,,4,,32.2,,93.26,,,,,,Mostly Cloudy
-113.58,53.31,EDMONTON INTL A,3012216,2022-07-23 00:00,2022,7,23,00:00,14.6,,10.4,,75,,,,11.0,,24,,32.2,,93.27,,,,,,
-113.58,53.31,EDMONTON INTL A,3012216,2022-07-23 01:00,2022,7,23,01:00,12.1,,10.7,,91,,,,17.0,,9,,32.2,,93.31,,,,,,
-113.58,53.31,EDMONTON INTL A,3012216,2022-07-23 02:00,2022,7,23,02:00,10.5,,9.6,,94,,,,15.0,,9,,32.2,,93.3,,,,,,Mainly Clear
-113.58,53.31,EDMONTON INTL A,3012216,2022-07-23 03:00,2022,7,23,03:00,9.7,,8.9,,95,,,,13.0,,14,,32.2,,93.31,,,,,,
-113.58,53.31,EDMONTON INTL A,3012216,2022-07-23 04:00,2022,7,23,04:00,10.2,,9.4,,94,,,,13.0,,12,,32.2,,93.31,,,,,,
-113.58,53.31,EDMONTON INTL A,3012216,2022-07-23 05:00,2022,7,23,05:00,9.3,,9.0,,98,,,,15.0,,7,,32.2,,93.32,,,,,,Mainly Clear
-113.58,53.31,EDMONTON INTL A,3012216,2022-07-23 06:00,2022,7,23,06:00,10.7,,10.2,,97,,,,13.0,,8,,32.2,,93.33,,,,,,
-113.58,53.31,EDMONTON INTL A,3012216,2022-07-23 07:00,2022,7,23,07:00,13.8,,11.5,,86,,,,15.0,,13,,32.2,,93.33,,,,,,
-113.58,53.31,EDMONTON INTL A,3012216,2022-07-23 08:00,2022,7,23,08:00,16.1,,11.8,,75,,,,15.0,,15,,32.2,,93.32,,,,,,Mainly Clear
-113.58,53.31,EDMONTON INTL A,3012216,2022-07-23 09:00,2022,7,23,09:00,17.9,,12.0,,68,,,,12.0,,14,,32.2,,93.32,,,,,,
-113.58,53.31,EDMONTON INTL A,3012216,2022-07-23 10:00,2022,7,23,10:00,19.2,,12.4,,64,,,,13.0,,15,,32.2,,93.32,,,,,,
-113.58,53.31,EDMONTON INTL A,3012216,2022-07-23 11:00,2022,7,23,11:00,20.6,,14.4,,67,,,,12.0,,16,,32.2,,93.29,,,,,,Clear
-113.58,53.31,EDMONTON INTL A,3012216,2022-07-23 12:00,2022,7,23,12:00,21.8,,14.2,,62,,,,16.0,,11,,32.2,,93.26,,25.0,,,,
-113.58,53.31,EDMONTON INTL A,3012216,2022-07-23 13:00,2022,7,23,13:00,22.4,,15.5,,65,,,,14.0,,11,,32.2,,93.24,,27.0,,,,
-113.58,53.31,EDMONTON INTL A,3012216,2022-07-23 14:00,2022,7,23,14:00,23.4,,15.8,,62,,,,14.0,,12,,32.2,,93.22,,28.0,,,,Mostly Cloudy
-113.58,53.31,EDMONTON INTL A,3012216,2022-07-23 15:00,2022,7,23,15:00,24.3,,14.4,,54,,,,21.0,,8,,32.2,,93.21,,28.0,,,,
-113.58,53.31,EDMONTON INTL A,3012216,2022-07-23 16:00,2022,7,23,16:00,24.4,,13.2,,49,,,,20.0,,9,,32.2,,93.19,,27.0,,,,
-113.58,53.31,EDMONTON INTL A,3012216,2022-07-23 17:00,2022,7,23,17:00,23.9,,13.5,,51,,,,18.0,,13,,32.2,,93.18,,27.0,,,,Mainly Clear
-113.58,53.31,EDMONTON INTL A,3012216,2022-07-23 18:00,2022,7,23,18:00,22.7,,15.3,,62,,,,16.0,,8,,32.2,,93.2,,27.0,,,,
-113.58,53.31,EDMONTON INTL A,3012216,2022-07-23 19:00,2022,7,23,19:00,21.8,,15.1,,65,,,,14.0,,12,,32.2,,93.18,,26.0,,,,
-113.58,53.31,EDMONTON INTL A,3012216,2022-07-23 20:00,2022,7,23,20:00,20.1,,13.9,,67,,,,15.0,,11,,32.2,,93.17,,,,,,Mostly Cloudy
-113.58,53.31,EDMONTON INTL A,3012216,2022-07-23 21:00,2022,7,23,21:00,16.4,,13.8,,84,,,,14.0,,14,,32.2,,93.21,,,,,,
-113.58,53.31,EDMONTON INTL A,3012216,2022-07-23 22:00,2022,7,23,22:00,15.8,,13.9,,88,,,,18.0,,9,,32.2,,93.2,,,,,,
-113.58,53.31,EDMONTON INTL A,3012216,2022-07-23 23:00,2022,7,23,23:00,17.4,,13.7,,79,,,,16.0,,15,,32.2,,93.17,,,,,,Mainly Clear
-113.58,53.31,EDMONTON INTL A,3012216,2022-07-24 00:00,2022,7,24,00:00,16.1,,13.7,,85,,,,17.0,,14,,32.2,,93.17,,,,,,
-113.58,53.31,EDMONTON INTL A,3012216,2022-07-24 01:00,2022,7,24,01:00,15.1,,13.5,,91,,,,17.0,,11,,32.2,,93.16,,,,,,
-113.58,53.31,EDMONTON INTL A,3012216,2022-07-24 02:00,2022,7,24,02:00,14.0,,13.2,,95,,,,18.0,,10,,32.2,,93.15,,,,,,Clear
-113.58,53.31,EDMONTON INTL A,3012216,2022-07-24 03:00,2022,7,24,03:00,13.3,,12.9,,98,,,,18.0,,6,,32.2,,93.16,,,,,,
-113.58,53.31,EDMONTON INTL A,3012216,2022-07-24 04:00,2022,7,24,04:00,14.1,,13.5,,96,,,,18.0,,8,,32.2,,93.13,,,,,,
-113.58,53.31,EDMONTON INTL A,3012216,2022-07-24 05:00,2022,7,24,05:00,12.5,,12.1,,98,,,,23.0,,8,,32.2,,93.15,,,,,,Mostly Cloudy
-113.58,53.31,EDMONTON INTL A,3012216,2022-07-24 06:00,2022,7,24,06:00,13.5,,13.4,,99,,,,22.0,,7,,32.2,,93.16,,,,,,
-113.58,53.31,EDMONTON INTL A,3012216,2022-07-24 07:00,2022,7,24,07:00,16.2,,14.8,,91,,,,24.0,,5,,32.2,,93.16,,,,,,
-113.58,53.31,EDMONTON INTL A,3012216,2022-07-24 08:00,2022,7,24,08:00,19.0,,16.0,,83,,,,30.0,,8,,32.2,,93.19,,,,,,Mostly Cloudy
-113.58,53.31,EDMONTON INTL A,3012216,2022-07-24 09:00,2022,7,24,09:00,21.9,,16.3,,70,,,,30.0,,6,,32.2,,93.18,,27.0,,,,
-113.58,53.31,EDMONTON INTL A,3012216,2022-07-24 10:00,2022,7,24,10:00,23.1,,16.3,,65,,,,28.0,,4,,32.2,,93.18,,28.0,,,,
-113.58,53.31,EDMONTON INTL A,3012216,2022-07-24 11:00,2022,7,24,11:00,24.3,,13.3,,50,,,,34.0,,14,,32.2,,93.17,,27.0,,,,Mostly Cloudy
-113.58,53.31,EDMONTON INTL A,3012216,2022-07-24 12:00,2022,7,24,12:00,24.6,,13.0,,48,,,,32.0,,14,,32.2,,93.16,,27.0,,,,
-113.58,53.31,EDMONTON INTL A,3012216,2022-07-24 13:00,2022,7,24,13:00,24.0,,13.5,,51,,,,33.0,,15,,32.2,,93.2,,27.0,,,,
-113.58,53.31,EDMONTON INTL A,3012216,2022-07-24 14:00,2022,7,24,14:00,22.8,,13.5,,55,,,,35.0,,16,,32.2,,93.21,,26.0,,,,Cloudy
-113.58,53.31,EDMONTON INTL A,3012216,2022-07-24 15:00,2022,7,24,15:00,23.4,,14.1,,55,,,,35.0,,10,,32.2,,93.21,,27.0,,,,
-113.58,53.31,EDMONTON INTL A,3012216,2022-07-24 16:00,2022,7,24,16:00,23.3,,15.0,,59,,,,33.0,,4,,32.2,,93.22,,27.0,,,,
-113.58,53.31,EDMONTON INTL A,3012216,2022-07-24 17:00,2022,7,24,17:00,21.4,,13.2,,59,,,,33.0,,13,,32.2,,93.23,,,,,,Cloudy
-113.58,53.31,EDMONTON INTL A,3012216,2022-07-24 18:00,2022,7,24,18:00,20.5,,13.3,,63,,,,34.0,,17,,32.2,,93.26,,,,,,Rain
-113.58,53.31,EDMONTON INTL A,3012216,2022-07-24 19:00,2022,7,24,19:00,19.8,,12.0,,60,,,,30.0,,10,,32.2,,93.27,,,,,,
-113.58,53.31,EDMONTON INTL A,3012216,2022-07-24 20:00,2022,7,24,20:00,16.9,,13.2,,79,,,,27.0,,10,,32.2,,93.28,,,,,,Mostly Cloudy
-113.58,53.31,EDMONTON INTL A,3012216,2022-07-24 21:00,2022,7,24,21:00,15.8,,13.2,,84,,,,27.0,,11,,32.2,,93.33,,,,,,
-113.58,53.31,EDMONTON INTL A,3012216,2022-07-24 22:00,2022,7,24,22:00,16.2,,12.2,,77,,,,30.0,,9,,32.2,,93.31,,,,,,
-113.58,53.31,EDMONTON INTL A,3012216,2022-07-24 23:00,2022,7,24,23:00,15.8,,12.1,,78,,,,28.0,,7,,32.2,,93.3,,,,,,Cloudy
-113.58,53.31,EDMONTON INTL A,3012216,2022-07-25 00:00,2022,7,25,00:00,15.0,,12.5,,85,,,,29.0,,7,,32.2,,93.28,,,,,,
-113.58,53.31,EDMONTON INTL A,3012216,2022-07-25 01:00,2022,7,25,01:00,15.8,,11.4,,75,,,,31.0,,11,,32.2,,93.3,,,,,,
-113.58,53.31,EDMONTON INTL A,3012216,2022-07-25 02:00,2022,7,25,02:00,14.9,,11.9,,82,,,,28.0,,7,,24.1,,93.31,,,,,,Rain
-113.58,53.31,EDMONTON INTL A,3012216,2022-07-25 03:00,2022,7,25,03:00,13.7,,12.8,,94,,,,25.0,,5,,32.2,,93.32,,,,,,
-113.58,53.31,EDMONTON INTL A,3012216,2022-07-25 04:00,2022,7,25,04:00,14.1,,13.0,,93,,,,28.0,,5,,32.2,,93.34,,,,,,
-113.58,53.31,EDMONTON INTL A,3012216,2022-07-25 05:00,2022,7,25,05:00,13.9,,13.1,,95,,,,27.0,,3,,32.2,,93.32,,,,,,Cloudy
-113.58,53.31,EDMONTON INTL A,3012216,2022-07-25 06:00,2022,7,25,06:00,14.1,,13.5,,96,,,,25.0,,5,,32.2,,93.32,,,,,,Rain
-113.58,53.31,EDMONTON INTL A,3012216,2022-07-25 07:00,2022,7,25,07:00,15.6,,13.7,,89,,,,27.0,,7,,32.2,,93.31,,,,,,
-113.58,53.31,EDMONTON INTL A,3012216,2022-07-25 08:00,2022,7,25,08:00,15.7,,13.7,,88,,,,30.0,,16,,32.2,,93.34,,,,,,Cloudy
-113.58,53.31,EDMONTON INTL A,3012216,2022-07-25 09:00,2022,7,25,09:00,15.8,,13.7,,87,,,,29.0,,15,,32.2,,93.33,,,,,,
-113.58,53.31,EDMONTON INTL A,3012216,2022-07-25 10:00,2022,7,25,10:00,17.1,,14.3,,83,,,,29.0,,13,,32.2,,93.33,,,,,,
-113.58,53.31,EDMONTON INTL A,3012216,2022-07-25 11:00,2022,7,25,11:00,19.3,,14.2,,72,,,,28.0,,19,,32.2,,93.32,,,,,,Mostly Cloudy
-113.58,53.31,EDMONTON INTL A,3012216,2022-07-25 12:00,2022,7,25,12:00,19.1,,14.2,,73,,,,30.0,,21,,32.2,,93.3,,,,,,
-113.58,53.31,EDMONTON INTL A,3012216,2022-07-25 13:00,2022,7,25,13:00,19.1,,14.2,,73,,,,33.0,,18,,32.2,,93.3,,,,,,
-113.58,53.31,EDMONTON INTL A,3012216,2022-07-25 14:00,2022,7,25,14:00,18.9,,13.2,,69,,,,31.0,,16,,32.2,,93.31,,,,,,Mostly Cloudy
-113.58,53.31,EDMONTON INTL A,3012216,2022-07-25 15:00,2022,7,25,15:00,20.0,,14.2,,69,,,,29.0,,13,,32.2,,93.31,,,,,,
-113.58,53.31,EDMONTON INTL A,3012216,2022-07-25 16:00,2022,7,25,16:00,19.6,,14.0,,70,,,,30.0,,14,,32.2,,93.31,,,,,,
-113.58,53.31,EDMONTON INTL A,3012216,2022-07-25 17:00,2022,7,25,17:00,19.8,,14.0,,69,,,,31.0,,10,,32.2,,93.33,,,,,,Mostly Cloudy
-113.58,53.31,EDMONTON INTL A,3012216,2022-07-25 18:00,2022,7,25,18:00,19.2,,13.8,,71,,,,29.0,,13,,32.2,,93.33,,,,,,
-113.58,53.31,EDMONTON INTL A,3012216,2022-07-25 19:00,2022,7,25,19:00,18.7,,13.8,,73,,,,29.0,,13,,32.2,,93.33,,,,,,
-113.58,53.31,EDMONTON INTL A,3012216,2022-07-25 20:00,2022,7,25,20:00,18.4,,14.6,,78,,,,29.0,,7,,32.2,,93.34,,,,,,Mostly Cloudy
-113.58,53.31,EDMONTON INTL A,3012216,2022-07-25 21:00,2022,7,25,21:00,15.8,,14.3,,91,,,,26.0,,6,,32.2,,93.37,,,,,,
-113.58,53.31,EDMONTON INTL A,3012216,2022-07-25 22:00,2022,7,25,22:00,15.2,,13.6,,90,,,,26.0,,6,,32.2,,93.39,,,,,,
-113.58,53.31,EDMONTON INTL A,3012216,2022-07-25 23:00,2022,7,25,23:00,13.8,,13.1,,95,,,,36.0,,2,,32.2,,93.4,,,,,,Mainly Clear
-113.58,53.31,EDMONTON INTL A,3012216,2022-07-26 00:00,2022,7,26,00:00,11.3,,11.0,,98,,,,21.0,,8,,32.2,,93.38,,,,,,
-113.58,53.31,EDMONTON INTL A,3012216,2022-07-26 01:00,2022,7,26,01:00,11.4,,11.2,,99,,,,20.0,,7,,32.2,,93.38,,,,,,
-113.58,53.31,EDMONTON INTL A,3012216,2022-07-26 02:00,2022,7,26,02:00,12.0,,11.7,,98,,,,25.0,,7,,32.2,,93.39,,,,,,Mostly Cloudy
-113.58,53.31,EDMONTON INTL A,3012216,2022-07-26 03:00,2022,7,26,03:00,12.9,,12.5,,97,,,,23.0,,3,,32.2,,93.38,,,,,,
-113.58,53.31,EDMONTON INTL A,3012216,2022-07-26 04:00,2022,7,26,04:00,12.8,,12.3,,97,,,,25.0,,7,,32.2,,93.37,,,,,,
-113.58,53.31,EDMONTON INTL A,3012216,2022-07-26 05:00,2022,7,26,05:00,12.8,,12.3,,97,,,,24.0,,5,,32.2,,93.39,,,,,,Mostly Cloudy
-113.58,53.31,EDMONTON INTL A,3012216,2022-07-26 06:00,2022,7,26,06:00,13.7,,13.1,,96,,,,25.0,,5,,32.2,,93.4,,,,,,
-113.58,53.31,EDMONTON INTL A,3012216,2022-07-26 07:00,2022,7,26,07:00,14.9,,13.4,,91,,,,26.0,,8,,32.2,,93.42,,,,,,
-113.58,53.31,EDMONTON INTL A,3012216,2022-07-26 08:00,2022,7,26,08:00,17.0,,13.9,,82,,,,30.0,,9,,32.2,,93.44,,,,,,Mostly Cloudy
-113.58,53.31,EDMONTON INTL A,3012216,2022-07-26 09:00,2022,7,26,09:00,18.2,,14.3,,78,,,,28.0,,7,,32.2,,93.43,,,,,,
-113.58,53.31,EDMONTON INTL A,3012216,2022-07-26 10:00,2022,7,26,10:00,19.2,,14.8,,76,,,,28.0,,8,,32.2,,93.44,,,,,,
-113.58,53.31,EDMONTON INTL A,3012216,2022-07-26 11:00,2022,7,26,11:00,20.9,,13.9,,64,,,,30.0,,10,,32.2,,93.41,,,,,,Mainly Clear
-113.58,53.31,EDMONTON INTL A,3012216,2022-07-26 12:00,2022,7,26,12:00,22.7,,11.2,,48,,,,34.0,,9,,32.2,,93.39,,25.0,,,,
-113.58,53.31,EDMONTON INTL A,3012216,2022-07-26 13:00,2022,7,26,13:00,23.2,,10.9,,45,,,,29.0,,10,,32.2,,93.37,,25.0,,,,
-113.58,53.31,EDMONTON INTL A,3012216,2022-07-26 14:00,2022,7,26,14:00,21.4,,12.1,,55,,,,34.0,,10,,32.2,,93.35,,,,,,Mainly Clear
-113.58,53.31,EDMONTON INTL A,3012216,2022-07-26 15:00,2022,7,26,15:00,24.2,,11.6,,44,,,,28.0,,11,,32.2,,93.33,,26.0,,,,
-113.58,53.31,EDMONTON INTL A,3012216,2022-07-26 16:00,2022,7,26,16:00,23.4,,10.7,,44,,,,24.0,,7,,32.2,,93.33,,25.0,,,,
-113.58,53.31,EDMONTON INTL A,3012216,2022-07-26 17:00,2022,7,26,17:00,24.2,,13.9,,52,,,,4.0,,5,,32.2,,93.29,,28.0,,,,Mainly Clear
-113.58,53.31,EDMONTON INTL A,3012216,2022-07-26 18:00,2022,7,26,18:00,23.8,,13.2,,51,,,,2.0,,4,,32.2,,93.25,,27.0,,,,
-113.58,53.31,EDMONTON INTL A,3012216,2022-07-26 19:00,2022,7,26,19:00,23.4,,10.6,,44,,,,0.0,,1,,32.2,,93.23,,25.0,,,,
-113.58,53.31,EDMONTON INTL A,3012216,2022-07-26 20:00,2022,7,26,20:00,20.3,,13.9,,66,,,,20.0,,4,,32.2,,93.23,,,,,,Clear
-113.58,53.31,EDMONTON INTL A,3012216,2022-07-26 21:00,2022,7,26,21:00,16.7,,12.6,,77,,,,12.0,,9,,32.2,,93.27,,,,,,
-113.58,53.31,EDMONTON INTL A,3012216,2022-07-26 22:00,2022,7,26,22:00,14.4,,11.9,,85,,,,15.0,,10,,32.2,,93.29,,,,,,
-113.58,53.31,EDMONTON INTL A,3012216,2022-07-26 23:00,2022,7,26,23:00,12.7,,11.5,,93,,,,19.0,,8,,32.2,,93.3,,,,,,Mainly Clear
-113.58,53.31,EDMONTON INTL A,3012216,2022-07-27 00:00,2022,7,27,00:00,13.8,,12.6,,93,,,,18.0,,4,,32.2,,93.32,,,,,,
-113.58,53.31,EDMONTON INTL A,3012216,2022-07-27 01:00,2022,7,27,01:00,14.6,,13.3,,91,,,,17.0,,5,,32.2,,93.31,,,,,,
-113.58,53.31,EDMONTON INTL A,3012216,2022-07-27 02:00,2022,7,27,02:00,15.1,,13.7,,91,,,,16.0,,4,,32.2,,93.32,,,,,,Mostly Cloudy
-113.58,53.31,EDMONTON INTL A,3012216,2022-07-27 03:00,2022,7,27,03:00,15.2,,13.9,,92,,,,17.0,,8,,32.2,,93.3,,,,,,
-113.58,53.31,EDMONTON INTL A,3012216,2022-07-27 04:00,2022,7,27,04:00,15.6,,13.9,,90,,,,19.0,,10,,32.2,,93.31,,,,,,
-113.58,53.31,EDMONTON INTL A,3012216,2022-07-27 05:00,2022,7,27,05:00,16.2,,13.9,,86,,,,18.0,,10,,32.2,,93.35,,,,,,Rain
-113.58,53.31,EDMONTON INTL A,3012216,2022-07-27 06:00,2022,7,27,06:00,16.9,,13.6,,81,,,,19.0,,13,,32.2,,93.35,,,,,,
-113.58,53.31,EDMONTON INTL A,3012216,2022-07-27 07:00,2022,7,27,07:00,17.2,,14.5,,84,,,,18.0,,9,,32.2,,93.35,,,,,,
-113.58,53.31,EDMONTON INTL A,3012216,2022-07-27 08:00,2022,7,27,08:00,20.4,,15.4,,73,,,,20.0,,10,,32.2,,93.38,,25.0,,,,Mostly Cloudy
-113.58,53.31,EDMONTON INTL A,3012216,2022-07-27 09:00,2022,7,27,09:00,21.6,,15.6,,68,,,,17.0,,6,,32.2,,93.39,,26.0,,,,
-113.58,53.31,EDMONTON INTL A,3012216,2022-07-27 10:00,2022,7,27,10:00,23.9,,15.1,,57,,,,20.0,,17,,32.2,,93.43,,28.0,,,,
-113.58,53.31,EDMONTON INTL A,3012216,2022-07-27 11:00,2022,7,27,11:00,24.6,,16.0,,58,,,,17.0,,16,,32.2,,93.44,,29.0,,,,Mostly Cloudy
-113.58,53.31,EDMONTON INTL A,3012216,2022-07-27 12:00,2022,7,27,12:00,25.2,,15.9,,56,,,,18.0,,14,,32.2,,93.45,,30.0,,,,
-113.58,53.31,EDMONTON INTL A,3012216,2022-07-27 13:00,2022,7,27,13:00,24.8,,15.8,,57,,,,16.0,,11,,32.2,,93.45,,29.0,,,,
-113.58,53.31,EDMONTON INTL A,3012216,2022-07-27 14:00,2022,7,27,14:00,26.1,,15.3,,51,,,,16.0,,14,,32.2,,93.43,,30.0,,,,Mostly Cloudy
-113.58,53.31,EDMONTON INTL A,3012216,2022-07-27 15:00,2022,7,27,15:00,26.5,,15.0,,48,,,,16.0,,12,,32.2,,93.43,,30.0,,,,
-113.58,53.31,EDMONTON INTL A,3012216,2022-07-27 16:00,2022,7,27,16:00,26.6,,16.5,,54,,,,17.0,,13,,32.2,,93.42,,32.0,,,,
-113.58,53.31,EDMONTON INTL A,3012216,2022-07-27 17:00,2022,7,27,17:00,26.9,,17.4,,55,,,,19.0,,5,,32.2,,93.4,,32.0,,,,Mainly Clear
-113.58,53.31,EDMONTON INTL A,3012216,2022-07-27 18:00,2022,7,27,18:00,25.6,,17.6,,61,,,,19.0,,12,,32.2,,93.4,,31.0,,,,
-113.58,53.31,EDMONTON INTL A,3012216,2022-07-27 19:00,2022,7,27,19:00,24.0,,18.3,,70,,,,17.0,,9,,32.2,,93.39,,30.0,,,,
-113.58,53.31,EDMONTON INTL A,3012216,2022-07-27 20:00,2022,7,27,20:00,21.4,,16.7,,75,,,,16.0,,10,,32.2,,93.41,,26.0,,,,Mainly Clear
-113.58,53.31,EDMONTON INTL A,3012216,2022-07-27 21:00,2022,7,27,21:00,18.8,,16.1,,84,,,,15.0,,14,,32.2,,93.4,,,,,,
-113.58,53.31,EDMONTON INTL A,3012216,2022-07-27 22:00,2022,7,27,22:00,18.7,,16.0,,84,,,,15.0,,13,,32.2,,93.39,,,,,,
-113.58,53.31,EDMONTON INTL A,3012216,2022-07-27 23:00,2022,7,27,23:00,18.5,,15.9,,85,,,,16.0,,11,,32.2,,93.39,,,,,,Mainly Clear
-113.58,53.31,EDMONTON INTL A,3012216,2022-07-28 00:00,2022,7,28,00:00,17.4,,15.6,,89,,,,17.0,,11,,32.2,,93.39,,,,,,
-113.58,53.31,EDMONTON INTL A,3012216,2022-07-28 01:00,2022,7,28,01:00,17.7,,15.8,,88,,,,16.0,,14,,32.2,,93.35,,,,,,
-113.58,53.31,EDMONTON INTL A,3012216,2022-07-28 02:00,2022,7,28,02:00,16.9,,15.4,,90,,,,16.0,,11,,32.2,,93.36,,,,,,Clear
-113.58,53.31,EDMONTON INTL A,3012216,2022-07-28 03:00,2022,7,28,03:00,16.5,,15.0,,91,,,,16.0,,12,,32.2,,93.33,,,,,,
-113.58,53.31,EDMONTON INTL A,3012216,2022-07-28 04:00,2022,7,28,04:00,16.1,,14.6,,91,,,,16.0,,11,,32.2,,93.3,,,,,,
-113.58,53.31,EDMONTON INTL A,3012216,2022-07-28 05:00,2022,7,28,05:00,15.2,,14.0,,92,,,,17.0,,6,,32.2,,93.3,,,,,,Mainly Clear
-113.58,53.31,EDMONTON INTL A,3012216,2022-07-28 06:00,2022,7,28,06:00,15.7,,14.2,,91,,,,14.0,,9,,32.2,,93.28,,,,,,
-113.58,53.31,EDMONTON INTL A,3012216,2022-07-28 07:00,2022,7,28,07:00,18.0,,15.0,,82,,,,18.0,,11,,32.2,,93.27,,,,,,
-113.58,53.31,EDMONTON INTL A,3012216,2022-07-28 08:00,2022,7,28,08:00,20.5,,15.5,,73,,,,18.0,,16,,32.2,,93.25,,25.0,,,,Mainly Clear
-113.58,53.31,EDMONTON INTL A,3012216,2022-07-28 09:00,2022,7,28,09:00,22.7,,15.7,,64,,,,19.0,,20,,32.2,,93.24,,27.0,,,,
-113.58,53.31,EDMONTON INTL A,3012216,2022-07-28 10:00,2022,7,28,10:00,24.6,,17.0,,62,,,,18.0,,20,,32.2,,93.2,,30.0,,,,
-113.58,53.31,EDMONTON INTL A,3012216,2022-07-28 11:00,2022,7,28,11:00,26.0,,18.1,,61,,,,17.0,,14,,32.2,,93.18,,32.0,,,,Mainly Clear
-113.58,53.31,EDMONTON INTL A,3012216,2022-07-28 12:00,2022,7,28,12:00,27.2,,18.7,,59,,,,19.0,,16,,32.2,,93.14,,34.0,,,,
-113.58,53.31,EDMONTON INTL A,3012216,2022-07-28 13:00,2022,7,28,13:00,28.0,,18.7,,56,,,,18.0,,14,,32.2,,93.11,,35.0,,,,
-113.58,53.31,EDMONTON INTL A,3012216,2022-07-28 14:00,2022,7,28,14:00,28.0,,20.0,,61,,,,16.0,,17,,32.2,,93.08,,36.0,,,,Clear
-113.58,53.31,EDMONTON INTL A,3012216,2022-07-28 15:00,2022,7,28,15:00,28.2,,20.9,,64,,,,17.0,,13,,32.2,,93.04,,37.0,,,,
-113.58,53.31,EDMONTON INTL A,3012216,2022-07-28 16:00,2022,7,28,16:00,28.1,,20.2,,62,,,,17.0,,16,,32.2,,93.01,,36.0,,,,
-113.58,53.31,EDMONTON INTL A,3012216,2022-07-28 17:00,2022,7,28,17:00,28.2,,20.2,,61,,,,16.0,,16,,32.2,,92.99,,36.0,,,,Clear
-113.58,53.31,EDMONTON INTL A,3012216,2022-07-28 18:00,2022,7,28,18:00,27.4,,21.0,,68,,,,16.0,,10,,32.2,,92.95,,36.0,,,,
-113.58,53.31,EDMONTON INTL A,3012216,2022-07-28 19:00,2022,7,28,19:00,26.0,,20.2,,70,,,,16.0,,14,,32.2,,92.9,,34.0,,,,
-113.58,53.31,EDMONTON INTL A,3012216,2022-07-28 20:00,2022,7,28,20:00,23.0,,19.6,,81,,,,17.0,,11,,32.2,,92.92,,30.0,,,,Mainly Clear
-113.58,53.31,EDMONTON INTL A,3012216,2022-07-28 21:00,2022,7,28,21:00,21.6,,18.6,,83,,,,17.0,,13,,32.2,,92.88,,28.0,,,,
-113.58,53.31,EDMONTON INTL A,3012216,2022-07-28 22:00,2022,7,28,22:00,19.2,,17.7,,91,,,,18.0,,9,,32.2,,92.89,,,,,,
-113.58,53.31,EDMONTON INTL A,3012216,2022-07-28 23:00,2022,7,28,23:00,19.6,,17.7,,89,,,,16.0,,8,,32.2,,92.89,,,,,,Mainly Clear
-113.58,53.31,EDMONTON INTL A,3012216,2022-07-29 00:00,2022,7,29,00:00,17.5,,16.7,,95,,,,19.0,,8,,32.2,,92.9,,,,,,
-113.58,53.31,EDMONTON INTL A,3012216,2022-07-29 01:00,2022,7,29,01:00,16.0,,15.7,,98,,,,22.0,,5,,32.2,,92.88,,,,,,
-113.58,53.31,EDMONTON INTL A,3012216,2022-07-29 02:00,2022,7,29,02:00,15.8,,15.6,,99,,,,20.0,,3,,32.2,,92.86,,,,,,Mostly Cloudy
-113.58,53.31,EDMONTON INTL A,3012216,2022-07-29 03:00,2022,7,29,03:00,15.6,,15.1,,96,,,,36.0,,2,,32.2,,92.87,,,,,,
-113.58,53.31,EDMONTON INTL A,3012216,2022-07-29 04:00,2022,7,29,04:00,15.2,,14.5,,95,,,,15.0,,6,,32.2,,92.86,,,,,,
-113.58,53.31,EDMONTON INTL A,3012216,2022-07-29 05:00,2022,7,29,05:00,12.7,,12.2,,97,,,,20.0,,5,,32.2,,92.88,,,,,,Mainly Clear
-113.58,53.31,EDMONTON INTL A,3012216,2022-07-29 06:00,2022,7,29,06:00,16.0,,15.8,,99,,,,21.0,,5,,32.2,,92.89,,,,,,
-113.58,53.31,EDMONTON INTL A,3012216,2022-07-29 07:00,2022,7,29,07:00,19.3,,17.8,,91,,,,36.0,,2,,32.2,,92.89,,,,,,
-113.58,53.31,EDMONTON INTL A,3012216,2022-07-29 08:00,2022,7,29,08:00,21.5,,19.4,,88,,,,35.0,,9,,32.2,,92.91,,29.0,,,,Mostly Cloudy
-113.58,53.31,EDMONTON INTL A,3012216,2022-07-29 09:00,2022,7,29,09:00,23.7,,19.7,,78,,,,34.0,,11,,32.2,,92.95,,31.0,,,,
-113.58,53.31,EDMONTON INTL A,3012216,2022-07-29 10:00,2022,7,29,10:00,24.2,,19.9,,76,,,,1.0,,12,,32.2,,92.96,,32.0,,,,Rain Showers
-113.58,53.31,EDMONTON INTL A,3012216,2022-07-29 11:00,2022,7,29,11:00,26.3,,20.2,,69,,,,3.0,,16,,24.1,,92.95,,34.0,,,,Mostly Cloudy
-113.58,53.31,EDMONTON INTL A,3012216,2022-07-29 12:00,2022,7,29,12:00,26.2,,19.6,,67,,,,3.0,,22,,24.1,,92.94,,33.0,,,,
-113.58,53.31,EDMONTON INTL A,3012216,2022-07-29 13:00,2022,7,29,13:00,27.0,,21.1,,69,,,,4.0,,19,,24.1,,92.93,,36.0,,,,
-113.58,53.31,EDMONTON INTL A,3012216,2022-07-29 14:00,2022,7,29,14:00,27.3,,21.9,,72,,,,4.0,,16,,24.1,,92.91,,37.0,,,,Mainly Clear
-113.58,53.31,EDMONTON INTL A,3012216,2022-07-29 15:00,2022,7,29,15:00,27.6,,20.9,,66,,,,5.0,,19,,24.1,,92.89,,36.0,,,,
-113.58,53.31,EDMONTON INTL A,3012216,2022-07-29 16:00,2022,7,29,16:00,27.3,,19.9,,63,,,,3.0,,16,,24.1,,92.88,,35.0,,,,
-113.58,53.31,EDMONTON INTL A,3012216,2022-07-29 17:00,2022,7,29,17:00,25.7,,19.8,,69,,,,4.0,,13,,24.1,,92.86,,33.0,,,,Mostly Cloudy
-113.58,53.31,EDMONTON INTL A,3012216,2022-07-29 18:00,2022,7,29,18:00,25.1,,19.6,,71,,,,7.0,,14,,24.1,,92.87,,32.0,,,,
-113.58,53.31,EDMONTON INTL A,3012216,2022-07-29 19:00,2022,7,29,19:00,24.3,,19.4,,74,,,,7.0,,13,,32.2,,92.88,,31.0,,,,
-113.58,53.31,EDMONTON INTL A,3012216,2022-07-29 20:00,2022,7,29,20:00,23.6,,17.8,,70,,,,9.0,,19,,24.1,,92.88,,29.0,,,,Thunderstorms
-113.58,53.31,EDMONTON INTL A,3012216,2022-07-29 21:00,2022,7,29,21:00,18.8,,14.8,,77,,,,21.0,,27,,24.1,,93.03,,,,,,"Thunderstorms,Rain Showers"
-113.58,53.31,EDMONTON INTL A,3012216,2022-07-29 22:00,2022,7,29,22:00,16.9,,15.0,,89,,,,18.0,,19,,24.1,,93.03,,,,,,"Thunderstorms,Rain Showers"
-113.58,53.31,EDMONTON INTL A,3012216,2022-07-29 23:00,2022,7,29,23:00,16.4,,15.1,,92,,,,16.0,,13,,24.1,,92.99,,,,,,Rain Showers
-113.58,53.31,EDMONTON INTL A,3012216,2022-07-30 00:00,2022,7,30,00:00,16.8,,15.2,,90,,,,27.0,,6,,24.1,,93.0,,,,,,Rain
-113.58,53.31,EDMONTON INTL A,3012216,2022-07-30 01:00,2022,7,30,01:00,16.6,,15.1,,91,,,,19.0,,12,,32.2,,92.91,,,,,,
-113.58,53.31,EDMONTON INTL A,3012216,2022-07-30 02:00,2022,7,30,02:00,16.2,,15.4,,95,,,,16.0,,5,,32.2,,92.94,,,,,,Cloudy
-113.58,53.31,EDMONTON INTL A,3012216,2022-07-30 03:00,2022,7,30,03:00,16.2,,15.1,,94,,,,19.0,,6,,32.2,,92.95,,,,,,
-113.58,53.31,EDMONTON INTL A,3012216,2022-07-30 04:00,2022,7,30,04:00,14.6,,14.3,,98,,,,25.0,,11,,32.2,,92.96,,,,,,
-113.58,53.31,EDMONTON INTL A,3012216,2022-07-30 05:00,2022,7,30,05:00,13.6,,13.2,,97,,,,19.0,,8,,32.2,,92.94,,,,,,Mostly Cloudy
-113.58,53.31,EDMONTON INTL A,3012216,2022-07-30 06:00,2022,7,30,06:00,13.4,,12.8,,96,,,,23.0,,9,,32.2,,92.97,,,,,,
-113.58,53.31,EDMONTON INTL A,3012216,2022-07-30 07:00,2022,7,30,07:00,18.1,,15.2,,83,,,,28.0,,8,,32.2,,93.01,,,,,,
-113.58,53.31,EDMONTON INTL A,3012216,2022-07-30 08:00,2022,7,30,08:00,19.5,,16.2,,81,,,,30.0,,10,,32.2,,93.05,,,,,,Mainly Clear
-113.58,53.31,EDMONTON INTL A,3012216,2022-07-30 09:00,2022,7,30,09:00,22.1,,18.5,,80,,,,34.0,,14,,32.2,,93.09,,28.0,,,,
-113.58,53.31,EDMONTON INTL A,3012216,2022-07-30 10:00,2022,7,30,10:00,22.5,,17.7,,74,,,,35.0,,19,,32.2,,93.12,,28.0,,,,
-113.58,53.31,EDMONTON INTL A,3012216,2022-07-30 11:00,2022,7,30,11:00,23.5,,17.9,,71,,,,33.0,,19,,32.2,,93.16,,29.0,,,,Mostly Cloudy
-113.58,53.31,EDMONTON INTL A,3012216,2022-07-30 12:00,2022,7,30,12:00,23.5,,17.4,,69,,,,33.0,,19,,32.2,,93.19,,29.0,,,,
-113.58,53.31,EDMONTON INTL A,3012216,2022-07-30 13:00,2022,7,30,13:00,23.7,,16.4,,63,,,,32.0,,21,,32.2,,93.23,,29.0,,,,
-113.58,53.31,EDMONTON INTL A,3012216,2022-07-30 14:00,2022,7,30,14:00,23.7,,16.9,,65,,,,34.0,,23,,32.2,,93.24,,29.0,,,,Mostly Cloudy
-113.58,53.31,EDMONTON INTL A,3012216,2022-07-30 15:00,2022,7,30,15:00,24.1,,15.9,,60,,,,34.0,,17,,32.2,,93.23,,29.0,,,,
-113.58,53.31,EDMONTON INTL A,3012216,2022-07-30 16:00,2022,7,30,16:00,23.8,,15.3,,59,,,,35.0,,17,,32.2,,93.24,,28.0,,,,
-113.58,53.31,EDMONTON INTL A,3012216,2022-07-30 17:00,2022,7,30,17:00,24.3,,16.1,,60,,,,34.0,,10,,32.2,,93.25,,29.0,,,,Mainly Clear
-113.58,53.31,EDMONTON INTL A,3012216,2022-07-30 18:00,2022,7,30,18:00,23.9,,15.4,,59,,,,35.0,,11,,32.2,,93.24,,28.0,,,,
-113.58,53.31,EDMONTON INTL A,3012216,2022-07-30 19:00,2022,7,30,19:00,23.1,,16.2,,65,,,,30.0,,4,,32.2,,93.29,,28.0,,,,
-113.58,53.31,EDMONTON INTL A,3012216,2022-07-30 20:00,2022,7,30,20:00,20.1,,16.2,,78,,,,1.0,,9,,32.2,,93.26,,25.0,,,,Mainly Clear
-113.58,53.31,EDMONTON INTL A,3012216,2022-07-30 21:00,2022,7,30,21:00,17.3,,13.4,,77,,,,4.0,,11,,32.2,,93.29,,,,,,
-113.58,53.31,EDMONTON INTL A,3012216,2022-07-30 22:00,2022,7,30,22:00,17.8,,15.0,,84,,,,6.0,,18,,32.2,,93.29,,,,,,
-113.58,53.31,EDMONTON INTL A,3012216,2022-07-30 23:00,2022,7,30,23:00,17.0,,14.5,,85,,,,9.0,,14,,32.2,,93.28,,,,,,Mainly Clear
-113.58,53.31,EDMONTON INTL A,3012216,2022-07-31 00:00,2022,7,31,00:00,15.6,,13.9,,89,,,,14.0,,8,,32.2,,93.28,,,,,,
-113.58,53.31,EDMONTON INTL A,3012216,2022-07-31 01:00,2022,7,31,01:00,13.3,,12.9,,97,,,,17.0,,8,,32.2,,93.27,,,,,,
-113.58,53.31,EDMONTON INTL A,3012216,2022-07-31 02:00,2022,7,31,02:00,13.4,,12.3,,93,,,,16.0,,7,,32.2,,93.24,,,,,,Mostly Cloudy
-113.58,53.31,EDMONTON INTL A,3012216,2022-07-31 03:00,2022,7,31,03:00,13.2,,12.4,,95,,,,13.0,,9,,32.2,,93.23,,,,,,
-113.58,53.31,EDMONTON INTL A,3012216,2022-07-31 04:00,2022,7,31,04:00,14.5,,13.4,,93,,,,11.0,,15,,32.2,,93.12,,,,,,
-113.58,53.31,EDMONTON INTL A,3012216,2022-07-31 05:00,2022,7,31,05:00,13.9,,12.9,,94,,,,14.0,,9,,32.2,,93.11,,,,,,Mostly Cloudy
-113.58,53.31,EDMONTON INTL A,3012216,2022-07-31 06:00,2022,7,31,06:00,15.0,,13.3,,89,,,,11.0,,11,,32.2,,93.11,,,,,,
-113.58,53.31,EDMONTON INTL A,3012216,2022-07-31 07:00,2022,7,31,07:00,17.1,,14.5,,84,,,,8.0,,10,,32.2,,93.09,,,,,,
-113.58,53.31,EDMONTON INTL A,3012216,2022-07-31 08:00,2022,7,31,08:00,18.1,,14.3,,78,,,,12.0,,17,,32.2,,93.06,,,,,,Mostly Cloudy
-113.58,53.31,EDMONTON INTL A,3012216,2022-07-31 09:00,2022,7,31,09:00,19.5,,15.6,,78,,,,12.0,,15,,32.2,,93.06,,,,,,
-113.58,53.31,EDMONTON INTL A,3012216,2022-07-31 10:00,2022,7,31,10:00,19.2,,16.7,,85,,,,7.0,,22,,24.1,,92.97,,,,,,Rain Showers
-113.58,53.31,EDMONTON INTL A,3012216,2022-07-31 11:00,2022,7,31,11:00,21.2,,17.2,,77,,,,7.0,,15,,32.2,,93.0,,27.0,,,,Mostly Cloudy
-113.58,53.31,EDMONTON INTL A,3012216,2022-07-31 12:00,2022,7,31,12:00,21.1,,17.1,,77,,,,8.0,,10,,32.2,,93.01,,26.0,,,,
-113.58,53.31,EDMONTON INTL A,3012216,2022-07-31 13:00,2022,7,31,13:00,22.1,,17.8,,76,,,,5.0,,9,,24.1,,92.97,,28.0,,,,
-113.58,53.31,EDMONTON INTL A,3012216,2022-07-31 14:00,2022,7,31,14:00,20.9,,17.5,,81,,,,3.0,,17,,32.2,,92.97,,27.0,,,,Mostly Cloudy
-113.58,53.31,EDMONTON INTL A,3012216,2022-07-31 15:00,2022,7,31,15:00,19.2,,15.6,,79,,,,6.0,,26,,32.2,,93.02,,,,,,
-113.58,53.31,EDMONTON INTL A,3012216,2022-07-31 16:00,2022,7,31,16:00,20.3,,14.6,,69,,,,5.0,,27,,32.2,,93.01,,,,,,
-113.58,53.31,EDMONTON INTL A,3012216,2022-07-31 17:00,2022,7,31,17:00,20.3,,14.3,,68,,,,7.0,,17,,32.2,,92.99,,,,,,Mostly Cloudy
-113.58,53.31,EDMONTON INTL A,3012216,2022-07-31 18:00,2022,7,31,18:00,18.3,,15.1,,82,,,,7.0,,9,,24.1,,93.02,,,,,,Rain Showers
-113.58,53.31,EDMONTON INTL A,3012216,2022-07-31 19:00,2022,7,31,19:00,18.2,,15.1,,82,,,,12.0,,17,,32.2,,92.94,,,,,,
-113.58,53.31,EDMONTON INTL A,3012216,2022-07-31 20:00,2022,7,31,20:00,16.7,,15.7,,94,,,,11.0,,12,,24.1,,92.97,,,,,,Rain
-113.58,53.31,EDMONTON INTL A,3012216,2022-07-31 21:00,2022,7,31,21:00,15.1,,14.0,,93,,,,15.0,,7,,24.1,,93.0,,,,,,Rain
-113.58,53.31,EDMONTON INTL A,3012216,2022-07-31 22:00,2022,7,31,22:00,14.0,,13.6,,97,,,,21.0,,8,,32.2,,93.05,,,,,,
-113.58,53.31,EDMONTON INTL A,3012216,2022-07-31 23:00,2022,7,31,23:00,15.8,,15.2,,96,,,,2.0,,12,,32.2,,93.02,,,,,,Mostly Cloudy
